"T1";"T2";"T3";"T4";"T5";"T6";"T7";"T8";"T9";"T10";"T11";"T12";"P1";"P2";"P3";"P4";"P5";"P6";"P7";"P8";"P9";"P10";"P11";"P12";"S1";"S2";"S3";"S4";"S5";"S6";"S7";"S8";"S9";"S10";"S11";"S12";"DD1";"DD2";"DD3";"DD4";"DD5";"DD6";"DD7";"DD8";"DD9";"DD10";"DD11";"DD12";"DC1";"DC2";"DC3";"DC4";"DC5";"DC6";"DC7";"DC8";"DC9";"DC10";"DC11";"DC12";"GSL1";"GSL2";"GSL3";"GSL4";"GSL5";"GSL6";"GSL7";"GSL8";"GSL9";"GSL10";"GSL11";"GSL12";"P-6";"P-7";"P-8";"P-9";"P-10";"P-11";"P-12";"T-6";"T-7";"T-8";"T-9";"T-10";"T-11";"T-12";"S-6";"S-7";"S-8";"S-9";"S-10";"S-11";"S-12";"DD-6";"DD-7";"DD-8";"DD-9";"DD-10";"DD-11";"DD-12";"DC-6";"DC-7";"DC-8";"DC-9";"DC-10";"DC-11";"DC-12";"GSL-6";"GSL-7";"GSL-8";"GSL-9";"GSL-10";"GSL-11";"GSL-12"
"1954";-16.2782;-7.9112;-6.3936;0.2116;8.0811;14.1995;15.4887;14.9521;10.6143;5.5086;-0.9252;-8.0589;52.8136;69.489;68.5927;95.8354;98.6359;66.7797;191.0326;114.6355;165.2622;65.0846;83.714;163.3492;48.1206;49.071;53.2341;41.0241;8.1155;0;0;0;0.884;12.145;25.4366;145.2149;0;6.405898;14.761926;83.194138;333.708038;759.692505;1239.841309;1703.356934;2021.785034;2198.209961;2228.489746;2228.489746;NA;NA;NA;22.83824;42.53074;72.19475;62.11932;41.42006;49.23346;11.72217;NA;NA;NA;NA;NA;NA;NA;144;NA;NA;NA;NA;NA;NA;14.6792;17.0994;15.4832;11.5906;5.6028;1.4891;-6.8452;79.1444;95.7054;38.5215;75.4056;43.4039;41.6538;73.7875;0.8359;0.2659;0;0;9.7601;18.2948;48.0335;827.328308;1357.408447;1837.388184;2185.105469;2359.025635;2434.169189;2444.503662;95.00793;139.45937;293.44516;299.98218;299.45929;NA;NA;159;NA;NA;NA;NA;NA;NA
"1955";-12.9547;-11.8729;-8.4587;1.6784;8.2618;15.4874;17.6884;16.5929;10.4217;5.3686;-1.595;-12.2798;100.6991;75.2043;89.7807;35.5301;78.0045;65.8708;72.0421;75.192;145.8595;20.674;63.8415;42.801;99.1183;67.1831;74.7233;11.4051;6.1288;0;0;0;2.3294;5.2538;37.4757;42.044;0;3.128431;4.078303;74.333656;330.448853;795.071106;1343.410156;1857.789551;2170.440918;2340.416016;2382.50708;2382.50708;NA;NA;NA;NA;49.01534;86.20863;223.49313;278.72305;209.34102;128.99345;NA;NA;NA;NA;NA;NA;NA;163;NA;NA;NA;NA;NA;NA;14.1995;15.4887;14.9521;10.6143;5.5086;-0.9252;-8.0589;66.7797;191.0326;114.6355;165.2622;65.0846;83.714;163.3492;0;0;0;0.884;12.145;25.4366;145.2149;759.692505;1239.841309;1703.356934;2021.785034;2198.209961;2228.489746;2228.489746;72.19475;62.11932;41.42006;49.23346;11.72217;NA;NA;144;NA;NA;NA;NA;NA;NA
"1956";-7.1638;-12.2367;-9.5426;1.1518;5.1169;13.7435;15.0713;14.4304;9.5067;6.112;-2.4186;-11.7098;68.7699;38.3388;52.6015;32.5816;76.0478;41.8652;117.4949;57.3956;61.4896;40.2096;45.2774;85.0068;58.0813;35.8627;47.7775;11.5319;12.7802;0;0;0;1.6938;1.827;33.8838;78.5304;2.215032;2.215032;2.215032;53.607124;215.301239;627.605713;1094.81604;1542.15918;1827.359009;2019.274414;2060.80835;2060.80835;NA;NA;NA;20.07332;30.97793;131.90208;204.97646;238.06235;255.20306;237.20018;258.93329;NA;NA;NA;NA;NA;NA;120;NA;NA;NA;NA;NA;NA;15.4874;17.6884;16.5929;10.4217;5.3686;-1.595;-12.2798;65.8708;72.0421;75.192;145.8595;20.674;63.8415;42.801;0;0;0;2.3294;5.2538;37.4757;42.044;795.071106;1343.410156;1857.789551;2170.440918;2340.416016;2382.50708;2382.50708;86.20863;223.49313;278.72305;209.34102;128.99345;NA;NA;163;NA;NA;NA;NA;NA;NA
"1957";-18.7019;-10.7962;-4.9005;-0.0339;7.4759;13.8785;15.9907;13.6937;11.0625;6.135;-0.2197;-6.9074;33.5821;79.7284;40.9112;77.358;25.3591;124.2155;82.2524;38.182;109.4443;76.0937;88.5432;110.8286;25.9787;76.1699;27.067;47.2997;2.6367;1.5399;0;0;2.7394;9.7347;32.266;77.2993;2.517666;2.517666;7.193926;67.598068;299.94812;716.301636;1212.012939;1636.517212;1968.3927;2167.349121;2220.943115;2234.161133;NA;NA;NA;20.18142;81.25756;150.58565;150.75604;270.73859;256.78207;173.65498;NA;NA;NA;NA;NA;NA;NA;155;NA;NA;NA;NA;NA;NA;13.7435;15.0713;14.4304;9.5067;6.112;-2.4186;-11.7098;41.8652;117.4949;57.3956;61.4896;40.2096;45.2774;85.0068;0;0;0;1.6938;1.827;33.8838;78.5304;627.605713;1094.81604;1542.15918;1827.359009;2019.274414;2060.80835;2060.80835;131.90208;204.97646;238.06235;255.20306;237.20018;258.93329;NA;120;NA;NA;NA;NA;NA;NA
"1958";-9.0903;-11.227;-1.5567;3.3515;7.7339;11.019;16.3926;15.1191;10.4825;4.1179;-2.4607;-16.0067;86.4022;87.5214;31.0312;69.0436;47.7742;148.8302;119.8513;157.4676;54.1224;59.9849;78.3266;53.4936;76.9431;78.9887;19.5374;14.0894;3.6526;2.8597;0;0;0.4414;8.1835;62.3593;51.1957;0;0;8.606812;117.340828;357.67804;688.247742;1196.419678;1665.110352;1979.584106;2109.141113;2133.883057;2133.883057;NA;NA;NA;12.59114;47.72342;52.38026;52.59657;70.69054;49.40852;90.66194;NA;NA;NA;NA;NA;NA;NA;158;NA;NA;NA;NA;NA;NA;13.8785;15.9907;13.6937;11.0625;6.135;-0.2197;-6.9074;124.2155;82.2524;38.182;109.4443;76.0937;88.5432;110.8286;1.5399;0;0;2.7394;9.7347;32.266;77.2993;716.301636;1212.012939;1636.517212;1968.3927;2167.349121;2220.943115;2234.161133;150.58565;150.75604;270.73859;256.78207;173.65498;NA;NA;155;NA;NA;NA;NA;NA;NA
"1959";-13.036;-16.5629;-9.5603;1.4317;9.6067;13.089;19.5156;15.6572;12.7807;4.291;-3.3996;-9.3731;114.2464;60.8581;95.5139;51.4615;24.5425;96.7404;83.8825;69.9076;70.2839;86.6186;126.8419;39.8373;105.9527;60.3404;92.1277;20.4209;1.1306;1;0.5802;0;0;13.9767;68.1127;31.8096;0;0;0;61.498848;359.306488;751.976135;1356.959351;1842.333984;2225.75415;2371.248535;2402.540039;2408.227539;NA;NA;NA;NA;75.73116;128.35591;219.04974;240.57469;229.87;233.23244;NA;NA;NA;NA;NA;NA;NA;147;NA;NA;NA;NA;NA;NA;11.019;16.3926;15.1191;10.4825;4.1179;-2.4607;-16.0067;148.8302;119.8513;157.4676;54.1224;59.9849;78.3266;53.4936;2.8597;0;0;0.4414;8.1835;62.3593;51.1957;688.247742;1196.419678;1665.110352;1979.584106;2109.141113;2133.883057;2133.883057;52.38026;52.59657;70.69054;49.40852;90.66194;NA;NA;158;NA;NA;NA;NA;NA;NA
"1960";-13.5702;-7.7746;-7.8581;-0.1789;11.9109;15.3398;16.0847;16.4518;11.3345;4.6186;-0.8544;-10.009;77.4333;113.4531;96.3497;54.4504;52.7854;74.0302;42.6083;51.3305;92.6335;43.161;111.01;107.407;72.677;93.0151;89.7947;18.6461;2.5625;0;0;0;0.6979;7.3927;47.4044;91.7927;0;0;0;41.251968;410.490601;870.683105;1369.308716;1879.315552;2219.350098;2365.831055;2401.560303;2405.589355;NA;NA;NA;NA;50.81803;143.26691;236.33554;342.32544;289.41174;236.51689;NA;NA;NA;NA;NA;NA;NA;172;NA;NA;NA;NA;NA;NA;13.089;19.5156;15.6572;12.7807;4.291;-3.3996;-9.3731;96.7404;83.8825;69.9076;70.2839;86.6186;126.8419;39.8373;1;0.5802;0;0;13.9767;68.1127;31.8096;751.976135;1356.959351;1842.333984;2225.75415;2371.248535;2402.540039;2408.227539;128.35591;219.04974;240.57469;229.87;233.23244;NA;NA;147;NA;NA;NA;NA;NA;NA
"1961";-17.4339;-13.5349;-7.9322;1.596;7.4445;13.8684;16.8168;15.9986;13.9413;6.4347;0.4248;-7.1475;68.6258;65.8034;109.5529;59.5172;90.3279;87.4197;62.9403;100.1732;137.7926;50.3315;45.0444;62.0516;68.39;63.7874;102.9667;29.2251;14.9416;0.3255;0;0.4056;0;5.6738;19.9574;41.4645;0;0;0.739756;56.010368;286.790466;702.841003;1224.160278;1720.116821;2138.35498;2337.97583;2389.145996;2389.574463;NA;NA;NA;NA;49.39806;67.49371;145.95525;216.42438;115.9836;44.44193;NA;NA;NA;NA;NA;NA;NA;137;NA;NA;NA;NA;NA;NA;15.3398;16.0847;16.4518;11.3345;4.6186;-0.8544;-10.009;74.0302;42.6083;51.3305;92.6335;43.161;111.01;107.407;0;0;0;0.6979;7.3927;47.4044;91.7927;870.683105;1369.308716;1879.315552;2219.350098;2365.831055;2401.560303;2405.589355;143.26691;236.33554;342.32544;289.41174;236.51689;NA;NA;172;NA;NA;NA;NA;NA;NA
"1962";-15.2585;-16.7139;-3.6614;1.1574;8.0331;14.3474;14.6444;16.1532;9.8767;4.2928;-2.9869;-8.982;49.8256;50.457;26.9177;99.4576;134.8153;91.8082;86.2502;81.2284;92.0462;103.8485;81.9304;108.4182;44.7993;48.6853;21.534;33.3597;21.1109;0.4295;0;0;3.5297;56.3647;44.5075;98.9517;0;0;24.884287;81.720879;331.265778;761.686401;1215.661987;1716.412231;2012.713623;2166.213135;2171.829834;2179.943604;NA;NA;NA;5.61936;20.90814;46.17524;122.84318;141.64565;176.67616;170.54276;NA;NA;NA;NA;NA;NA;NA;167;NA;NA;NA;NA;NA;NA;13.8684;16.8168;15.9986;13.9413;6.4347;0.4248;-7.1475;87.4197;62.9403;100.1732;137.7926;50.3315;45.0444;62.0516;0.3255;0;0.4056;0;5.6738;19.9574;41.4645;702.841003;1224.160278;1720.116821;2138.35498;2337.97583;2389.145996;2389.574463;67.49371;145.95525;216.42438;115.9836;44.44193;NA;NA;137;NA;NA;NA;NA;NA;NA
"1963";-12.2903;-15.1726;-8.0233;1.1446;8.1226;15.2793;18.0767;13.7486;9.1905;7.0874;0.9191;-13.5927;75.6725;74.0963;52.8397;62.888;67.8945;70.9336;129.3138;140.5835;109.4224;135.4154;103.6599;23.5188;72.3359;73.5496;47.3617;25.3795;5.5987;0;0;0.4276;12.0438;31.7978;37.2381;21.5982;0;0;7.44779;69.115318;320.916016;779.294861;1339.671753;1765.877319;2041.591309;2262.762695;2319.01001;2319.01001;NA;NA;NA;2.43075;35.21075;97.62268;108.72411;96.64887;50.84251;17.84821;NA;NA;NA;NA;NA;NA;NA;131;NA;NA;NA;NA;NA;NA;14.3474;14.6444;16.1532;9.8767;4.2928;-2.9869;-8.982;91.8082;86.2502;81.2284;92.0462;103.8485;81.9304;108.4182;0.4295;0;0;3.5297;56.3647;44.5075;98.9517;761.686401;1215.661987;1716.412231;2012.713623;2166.213135;2171.829834;2179.943604;46.17524;122.84318;141.64565;176.67616;170.54276;NA;NA;167;NA;NA;NA;NA;NA;NA
"1964";-11.5606;-10.1969;-6.9323;1.3569;8.8447;13.1423;16.5901;13.9275;10.181;3.5118;-2.8851;-9.8808;70.3409;46.8221;103.9459;27.6872;83.1881;139.0127;113.1947;95.1447;39.544;85.6997;47.7411;83.663;64.3584;43.6547;90.6611;10.6563;7.9233;3.2612;0;0;1.3881;21.7931;33.2055;74.5992;0;0;8.653898;103.215004;377.4021;771.670044;1285.962158;1717.713989;2023.144043;2138.922363;2156.989502;2176.859375;NA;NA;NA;25.95976;53.15776;38.49067;86.33148;97.07347;146.60809;183.37466;NA;NA;NA;NA;NA;NA;NA;155;NA;NA;NA;NA;NA;NA;15.2793;18.0767;13.7486;9.1905;7.0874;0.9191;-13.5927;70.9336;129.3138;140.5835;109.4224;135.4154;103.6599;23.5188;0;0;0.4276;12.0438;31.7978;37.2381;21.5982;779.294861;1339.671753;1765.877319;2041.591309;2262.762695;2319.01001;2319.01001;97.62268;108.72411;96.64887;50.84251;17.84821;NA;NA;131;NA;NA;NA;NA;NA;NA
"1965";-14.8923;-12.5107;-5.3808;1.3856;7.8948;14.4477;14.254;14.6288;10.4717;3.5735;-4.9215;-9.6584;59.9282;62.2817;27.4789;16.7517;98.6412;39.2188;103.6779;100.2383;109.47;130.0312;69.5232;86.1112;58.7061;54.1321;20.6592;5.1186;5.7681;0;1.4679;2.9711;2.6794;33.6172;50.1386;81.5778;0;0;16.049803;78.771919;323.511261;756.94281;1198.816772;1652.310425;1966.461426;2085.444824;2088.436523;2088.436523;NA;NA;NA;22.00057;30.61705;101.86574;182.21887;212.53752;147.93477;77.94739;NA;NA;NA;NA;NA;NA;NA;150;NA;NA;NA;NA;NA;NA;13.1423;16.5901;13.9275;10.181;3.5118;-2.8851;-9.8808;139.0127;113.1947;95.1447;39.544;85.6997;47.7411;83.663;3.2612;0;0;1.3881;21.7931;33.2055;74.5992;771.670044;1285.962158;1717.713989;2023.144043;2138.922363;2156.989502;2176.859375;38.49067;86.33148;97.07347;146.60809;183.37466;NA;NA;155;NA;NA;NA;NA;NA;NA
"1966";-9.7578;-9.1334;-3.3274;1.801;7.4956;14.4524;16.5644;15.2857;9.5558;5.2753;1.0747;-7.2692;130.8401;31.6448;109.6313;22.0083;39.1473;49.1202;90.9923;99.0547;102.942;111.4797;114.0795;115.2173;117.0374;26.6676;56.8503;4.8028;5.8074;0.5231;0;0;3.0054;22.5199;35.8399;96.5393;0;4.463911;27.481722;94.468277;331.420135;764.991394;1278.488525;1752.344604;2039.018311;2206.408447;2298.459717;2311.919434;NA;NA;NA;23.44767;70.63732;163.86928;250.60005;204.43416;201.15433;82.25808;18.62686;NA;NA;NA;NA;NA;NA;129;NA;NA;NA;NA;NA;NA;14.4477;14.254;14.6288;10.4717;3.5735;-4.9215;-9.6584;39.2188;103.6779;100.2383;109.47;130.0312;69.5232;86.1112;0;1.4679;2.9711;2.6794;33.6172;50.1386;81.5778;756.94281;1198.816772;1652.310425;1966.461426;2085.444824;2088.436523;2088.436523;101.86574;182.21887;212.53752;147.93477;77.94739;NA;NA;150;NA;NA;NA;NA;NA;NA
"1967";-11.3615;-15.5705;-9.8197;-0.8153;5.1338;15.5375;18.7937;16.6683;11.8203;5.6816;-1.8287;-8.7629;76.8502;68.9607;17.7437;33.1172;103.4118;72.4238;104.6056;133.9247;120.2609;107.1487;74.3248;90.3906;74.4485;66.5696;14.8747;17.2266;24.9422;0;0;0;0.3772;9.9061;37.1245;82.7337;0;0;7.405699;36.737267;195.88649;662.010986;1244.616089;1761.333008;2115.943115;2292.073975;2337.635986;2338.807861;NA;NA;NA;NA;14.54186;94.76034;144.80867;118.54572;88.28462;10.69659;14.49947;NA;NA;NA;NA;NA;NA;148;NA;NA;NA;NA;NA;NA;14.4524;16.5644;15.2857;9.5558;5.2753;1.0747;-7.2692;49.1202;90.9923;99.0547;102.942;111.4797;114.0795;115.2173;0.5231;0;0;3.0054;22.5199;35.8399;96.5393;764.991394;1278.488525;1752.344604;2039.018311;2206.408447;2298.459717;2311.919434;163.86928;250.60005;204.43416;201.15433;82.25808;18.62686;NA;129;NA;NA;NA;NA;NA;NA
"1968";-16.7467;-14.2505;-5.3353;3.382;7.6946;13.403;16.666;12.9075;13.2501;7.2153;-2.9967;-8.2339;83.7908;56.2238;148.5787;44.082;20.2223;102.507;83.7598;57.2725;34.1502;84.8871;77.3326;145.1535;82.1474;40.9489;99.5211;10.6289;0.535;0;0;0.3071;0;9.2431;55.0871;126.4214;0;2.886224;33.990677;150.502731;389.036316;791.125244;1307.770142;1707.901245;2105.404785;2329.079834;2335.93457;2338.26416;NA;NA;NA;12.18209;73.95652;156.36514;160.51094;235.56235;293.74362;308.96317;NA;NA;NA;NA;NA;NA;NA;174;NA;NA;NA;NA;NA;NA;15.5375;18.7937;16.6683;11.8203;5.6816;-1.8287;-8.7629;72.4238;104.6056;133.9247;120.2609;107.1487;74.3248;90.3906;0;0;0;0.3772;9.9061;37.1245;82.7337;662.010986;1244.616089;1761.333008;2115.943115;2292.073975;2337.635986;2338.807861;94.76034;144.80867;118.54572;88.28462;10.69659;14.49947;NA;148;NA;NA;NA;NA;NA;NA
"1969";-8.858;-8.9971;-5.6079;-0.4708;6.6234;14.551;15.7732;16.2927;9.5418;3.8812;0.7883;-7.8738;132.7621;75.2405;46.1037;40.2252;87.2721;49.5629;91.8839;87.7791;119.7951;67.2816;130.818;112.5817;121.9901;73.9754;34.2712;16.1052;5.0534;0.2181;0;0;1.4849;29.8762;32.3432;95.2277;3.572535;5.655055;12.178064;60.058697;265.581085;702.111267;1191.081909;1696.155396;1982.410645;2130.865967;2216.929443;2223.791016;NA;NA;NA;NA;19.59896;106.37337;216.9565;188.48323;119.29431;116.60329;NA;NA;NA;NA;NA;NA;NA;138;NA;NA;NA;NA;NA;NA;13.403;16.666;12.9075;13.2501;7.2153;-2.9967;-8.2339;102.507;83.7598;57.2725;34.1502;84.8871;77.3326;145.1535;0;0;0.3071;0;9.2431;55.0871;126.4214;791.125244;1307.770142;1707.901245;2105.404785;2329.079834;2335.93457;2338.26416;156.36514;160.51094;235.56235;293.74362;308.96317;NA;NA;174;NA;NA;NA;NA;NA;NA
"1970";-16.731;-12.7938;-5.653;1.1016;8.1202;14.3296;18.9138;16.8472;9.5179;6.5615;-0.2731;-13.1811;36.9039;111.8772;44.051;66.4858;98.5353;85.7734;48.1828;77.4704;127.1841;96.2489;39.2348;60.2079;34.7122;95.8504;36.4489;27.7368;17.9208;0;0;0;3.8981;10.9966;19.7276;58.6289;0;0.437333;3.184224;73.330032;325.057648;754.944336;1341.272461;1863.534424;2149.072021;2354.83374;2399.23584;2399.23584;NA;NA;NA;18.89007;22.33472;68.73394;209.01891;318.52448;141.85205;91.33117;33.93229;NA;NA;NA;NA;NA;NA;154;NA;NA;NA;NA;NA;NA;14.551;15.7732;16.2927;9.5418;3.8812;0.7883;-7.8738;49.5629;91.8839;87.7791;119.7951;67.2816;130.818;112.5817;0.2181;0;0;1.4849;29.8762;32.3432;95.2277;702.111267;1191.081909;1696.155396;1982.410645;2130.865967;2216.929443;2223.791016;106.37337;216.9565;188.48323;119.29431;116.60329;NA;NA;138;NA;NA;NA;NA;NA;NA
"1971";-15.7092;-11.883;-5.7514;1.1345;9.3964;13.2906;16.5129;14.8076;11.9671;6.4988;-2.9402;-12.396;55.9828;72.4728;119.5112;61.4985;65.3191;43.0119;68.316;217.0178;74.573;92.0502;104.4107;114.3127;54.019;66.2113;106.3771;30.1867;6.8843;0.2913;0;0.9298;3.5097;5.7935;71.8829;108.2347;0;0.778489;5.843904;64.431145;355.71991;754.439087;1266.337524;1725.372681;2084.385254;2285.847412;2313.753906;2313.753906;NA;NA;NA;NA;45.02283;120.25399;226.63071;209.48889;36.90854;22.72451;15.93915;NA;NA;NA;NA;NA;NA;145;NA;NA;NA;NA;NA;NA;14.3296;18.9138;16.8472;9.5179;6.5615;-0.2731;-13.1811;85.7734;48.1828;77.4704;127.1841;96.2489;39.2348;60.2079;0;0;0;3.8981;10.9966;19.7276;58.6289;754.944336;1341.272461;1863.534424;2149.072021;2354.83374;2399.23584;2399.23584;68.73394;209.01891;318.52448;141.85205;91.33117;33.93229;NA;154;NA;NA;NA;NA;NA;NA
"1972";-14.1945;-14.6917;-9.2389;-0.9342;8.0568;14.1679;16.4194;14.0764;11.1477;3.0017;-3.8934;-14.2257;56.7933;87.4301;156.7697;22.8361;63.4625;65.9894;81.5605;55.6092;160.5056;116.0695;81.1794;128.7807;52.7192;81.5114;116.5709;12.0595;9.5495;0.618;0;0;2.2266;23.2705;66.8781;123.0744;0.525768;1.553386;4.67668;34.633331;285.483856;710.520569;1219.52063;1655.88855;1990.320435;2108.70459;2115.999756;2115.999756;NA;NA;NA;NA;60.01356;108.92869;174.14481;254.36816;155.79715;53.61253;NA;NA;NA;NA;NA;NA;NA;139;NA;NA;NA;NA;NA;NA;13.2906;16.5129;14.8076;11.9671;6.4988;-2.9402;-12.396;43.0119;68.316;217.0178;74.573;92.0502;104.4107;114.3127;0.2913;0;0.9298;3.5097;5.7935;71.8829;108.2347;754.439087;1266.337524;1725.372681;2084.385254;2285.847412;2313.753906;2313.753906;120.25399;226.63071;209.48889;36.90854;22.72451;15.93915;NA;145;NA;NA;NA;NA;NA;NA
"1973";-12.0856;-12.0597;-2.8728;1.2345;7.4711;16.5493;19.4681;17.2426;10.1561;5.3897;-3.1816;-6.4485;83.8778;129.0443;56.8298;134.6994;118.3809;37.7792;75.9797;106.0735;66.9002;97.6726;63.8861;116.8224;75.8209;114.5356;34.455;62.3633;6.0166;0;0;0;1.0045;9.2419;45.3286;82.4172;3.394433;3.394433;29.351501;111.132256;342.735626;839.215454;1442.726685;1977.246826;2281.929199;2450.738525;2464.34082;2474.668213;NA;NA;NA;8.87136;19.75463;96.60235;195.19594;224.34537;227.35976;151.69006;111.16848;NA;NA;NA;NA;NA;NA;146;NA;NA;NA;NA;NA;NA;14.1679;16.4194;14.0764;11.1477;3.0017;-3.8934;-14.2257;65.9894;81.5605;55.6092;160.5056;116.0695;81.1794;128.7807;0.618;0;0;2.2266;23.2705;66.8781;123.0744;710.520569;1219.52063;1655.88855;1990.320435;2108.70459;2115.999756;2115.999756;108.92869;174.14481;254.36816;155.79715;53.61253;NA;NA;139;NA;NA;NA;NA;NA;NA
"1974";-15.2936;-12.5902;-7.4541;-0.0251;5.1694;15.564;16.616;15.837;9.4721;2.3579;-1.2453;-7.8599;73.0042;43.0932;121.7979;94.7324;86.6751;29.612;108.3816;89.8854;123.7158;61.6029;70.4262;93.912;66.8585;39.0987;106.8247;49.787;16.0805;0;0;0;9.2272;19.5094;54.2131;80.6331;0.106535;0.106535;8.719518;49.713169;216.184479;683.103638;1198.200317;1689.146484;1973.310669;2060.3479;2094.755371;2099.668457;NA;NA;NA;NA;29.26274;144.16444;224.49881;196.98308;152.06409;90.3807;NA;NA;NA;NA;NA;NA;NA;108;NA;NA;NA;NA;NA;NA;16.5493;19.4681;17.2426;10.1561;5.3897;-3.1816;-6.4485;37.7792;75.9797;106.0735;66.9002;97.6726;63.8861;116.8224;0;0;0;1.0045;9.2419;45.3286;82.4172;839.215454;1442.726685;1977.246826;2281.929199;2450.738525;2464.34082;2474.668213;96.60235;195.19594;224.34537;227.35976;151.69006;111.16848;NA;146;NA;NA;NA;NA;NA;NA
"1975";-13.5841;-12.2614;-6.4303;-0.4328;9.819;15.4386;19.5805;16.1711;11.1113;5.4722;-0.4068;-12.0087;78.705;63.6525;107.3669;104.3131;53.6339;68.8357;85.3366;87.1396;78.962;39.8424;80.024;109.6313;70.3724;58.0676;71.347;65.779;0.9945;0.5332;0;0;0.2341;5.2011;35.2065;92.9039;1.762029;1.762029;12.442756;52.876404;357.265808;820.423096;1427.417725;1928.721924;2262.05957;2433.063721;2493.62085;2497.465332;NA;NA;NA;NA;57.30132;105.96548;211.05397;256.11963;194.7774;192.28014;NA;NA;NA;NA;NA;NA;NA;157;NA;NA;NA;NA;NA;NA;15.564;16.616;15.837;9.4721;2.3579;-1.2453;-7.8599;29.612;108.3816;89.8854;123.7158;61.6029;70.4262;93.912;0;0;0;9.2272;19.5094;54.2131;80.6331;683.103638;1198.200317;1689.146484;1973.310669;2060.3479;2094.755371;2099.668457;144.16444;224.49881;196.98308;152.06409;90.3807;NA;NA;108;NA;NA;NA;NA;NA;NA
"1976";-15.267;-11.3762;-6.7355;0.9214;8.4698;15.9034;16.8016;16.2477;9.5015;2.912;-3.8746;-14.0575;90.6464;122.8588;65.3489;82.8793;114.7624;56.4723;73.3635;120.0677;66.0092;140.442;82.9824;166.5266;84.261;109.8709;37.847;28.7243;14.5555;0.8187;0;0;2.2602;42.0497;56.2141;158.9605;0.718973;1.875129;30.39467;100.383209;362.946747;840.047791;1360.897339;1864.57666;2149.620117;2254.356934;2257.853027;2257.853027;NA;NA;NA;17.85377;16.94019;99.16797;222.90582;184.45923;190.50169;162.0266;NA;NA;NA;NA;NA;NA;NA;135;NA;NA;NA;NA;NA;NA;15.4386;19.5805;16.1711;11.1113;5.4722;-0.4068;-12.0087;68.8357;85.3366;87.1396;78.962;39.8424;80.024;109.6313;0.5332;0;0;0.2341;5.2011;35.2065;92.9039;820.423096;1427.417725;1928.721924;2262.05957;2433.063721;2493.62085;2497.465332;105.96548;211.05397;256.11963;194.7774;192.28014;NA;NA;157;NA;NA;NA;NA;NA;NA
"1977";-15.0619;-11.0665;-2.2339;0.0186;8.7612;13.0861;16.1156;15.522;9.445;5.256;0.2211;-9.7452;91.2464;126.5834;91.4026;52.8108;51.9977;111.5813;93.4882;55.6694;73.6436;113.8038;75.1671;67.0999;89.7228;123.8068;65.0435;28.6831;4.1842;0.3132;0;0;5.4586;12.2116;31.6918;60.0759;0;0;33.445526;99.883682;372.094177;764.677612;1264.261108;1745.441772;2028.79187;2192.029785;2268.91333;2270.347412;NA;NA;NA;16.3735;41.19485;89.8048;176.93626;220.5952;239.23233;80.43457;71.08209;NA;NA;NA;NA;NA;NA;172;NA;NA;NA;NA;NA;NA;15.9034;16.8016;16.2477;9.5015;2.912;-3.8746;-14.0575;56.4723;73.3635;120.0677;66.0092;140.442;82.9824;166.5266;0.8187;0;0;2.2602;42.0497;56.2141;158.9605;840.047791;1360.897339;1864.57666;2149.620117;2254.356934;2257.853027;2257.853027;99.16797;222.90582;184.45923;190.50169;162.0266;NA;NA;135;NA;NA;NA;NA;NA;NA
"1978";-13.8088;-12.0163;-9.2128;-0.1875;10.6026;14.8534;17.1681;16.1931;8.1153;3.8642;-3.4211;-10.2101;86.8283;14.9294;73.0655;82.2894;77.5492;98.5745;69.8518;60.7891;53.8707;70.6354;89.5248;163.1849;73.156;13.8306;64.3723;49.7743;5.9899;0.2819;0;2.6642;6.3583;12.9681;64.5264;156.21;0.169528;0.169528;0.169528;36.825497;366.279083;811.880798;1344.090332;1846.077393;2089.537598;2218.178955;2258.721924;2258.721924;NA;NA;NA;NA;55.4273;87.82964;162.91963;272.00482;277.13837;245.871;208.71713;NA;NA;NA;NA;NA;NA;160;NA;NA;NA;NA;NA;NA;13.0861;16.1156;15.522;9.445;5.256;0.2211;-9.7452;111.5813;93.4882;55.6694;73.6436;113.8038;75.1671;67.0999;0.3132;0;0;5.4586;12.2116;31.6918;60.0759;764.677612;1264.261108;1745.441772;2028.79187;2192.029785;2268.91333;2270.347412;89.8048;176.93626;220.5952;239.23233;80.43457;71.08209;NA;172;NA;NA;NA;NA;NA;NA
"1979";-11.6986;-15.1086;-2.2649;2.9139;10.4467;15.3873;17.9174;15.0003;10.6231;6.2643;0.2779;-8.1825;101.2721;47.4199;128.0361;119.4962;63.314;103.3206;155.0173;70.5873;128.8674;52.3438;88.5336;69.1892;74.6295;43.9814;49.5758;52.1585;0.7127;0;0;0;3.4456;7.0375;31.8136;53.3697;6.17838;6.17838;57.863029;159.253845;483.10199;944.721313;1500.162109;1965.170044;2283.864502;2478.059326;2528.536133;2530.012451;NA;NA;NA;16.77836;59.13161;86.32626;121.04215;107.84599;77.39397;75.92626;NA;NA;NA;NA;NA;NA;NA;170;NA;NA;NA;NA;NA;NA;14.8534;17.1681;16.1931;8.1153;3.8642;-3.4211;-10.2101;98.5745;69.8518;60.7891;53.8707;70.6354;89.5248;163.1849;0.2819;0;2.6642;6.3583;12.9681;64.5264;156.21;811.880798;1344.090332;1846.077393;2089.537598;2218.178955;2258.721924;2258.721924;87.82964;162.91963;272.00482;277.13837;245.871;208.71713;NA;160;NA;NA;NA;NA;NA;NA
"1980";-12.5298;-13.2877;-5.7599;3.3617;8.6634;13.3434;15.8784;16.9368;8.7308;3.3862;-2.5546;-14.3666;67.6983;31.89;98.7232;57.3036;69.2133;72.1762;202.6921;132.556;179.0479;116.1462;106.9452;108.6218;58.5223;31.6349;74.1998;11.8192;6.2108;0.3704;1.3262;0;6.8483;21.4117;78.8486;93.2645;0;0;10.054061;124.305016;392.870117;793.172852;1285.404541;1810.44519;2072.368164;2185.74707;2195.884277;2195.884277;NA;NA;NA;7.81937;45.56894;114.41838;58.18052;59.18269;12.4175;4.02413;NA;NA;NA;NA;NA;NA;NA;161;NA;NA;NA;NA;NA;NA;15.3873;17.9174;15.0003;10.6231;6.2643;0.2779;-8.1825;103.3206;155.0173;70.5873;128.8674;52.3438;88.5336;69.1892;0;0;0;3.4456;7.0375;31.8136;53.3697;944.721313;1500.162109;1965.170044;2283.864502;2478.059326;2528.536133;2530.012451;86.32626;121.04215;107.84599;77.39397;75.92626;NA;NA;170;NA;NA;NA;NA;NA;NA
"1981";-15.3818;-4.8491;-3.4966;1.7205;9.537;14.282;17.5336;15.8274;10.8495;3.74;-0.9555;-6.0369;78.7143;109.2697;77.5793;75.1569;153.7284;112.3084;93.9495;167.5979;78.0393;135.3464;57.9522;121.6953;77.1955;60.9965;61.3225;19.9193;5.6063;0.226;0;0;7.3115;21.8225;27.7118;89.5749;0;43.197029;49.611019;128.772293;424.418732;852.877747;1396.418823;1887.067871;2212.55249;2332.733154;2365.227783;2368.355225;NA;NA;NA;5.03973;20.37374;75.30814;105.92557;52.84126;129.68506;54.59449;NA;NA;NA;NA;NA;NA;NA;143;NA;NA;NA;NA;NA;NA;13.3434;15.8784;16.9368;8.7308;3.3862;-2.5546;-14.3666;72.1762;202.6921;132.556;179.0479;116.1462;106.9452;108.6218;0.3704;1.3262;0;6.8483;21.4117;78.8486;93.2645;793.172852;1285.404541;1810.44519;2072.368164;2185.74707;2195.884277;2195.884277;114.41838;58.18052;59.18269;12.4175;4.02413;NA;NA;161;NA;NA;NA;NA;NA;NA
"1982";-17.2165;-13.7528;-6.1523;-0.58;8.7641;13.5563;16.4133;13.061;11.3676;6.037;-0.4889;-7.7804;87.0813;76.7696;60.0344;113.8012;31.1775;149.7626;95.8007;103.4855;97.1694;41.172;103.2972;117.0552;82.6667;75.0896;48.2251;75.1409;4.3824;0.4003;0;1.5269;4.4272;2.4077;24.2569;69.8419;0;0;12.507095;76.202614;347.890625;754.580078;1263.391113;1668.283325;2009.310913;2196.983887;2258.956055;2276.509521;NA;NA;NA;3.14863;48.17979;103.50213;86.28794;129.51805;108.7621;93.31069;NA;NA;NA;NA;NA;NA;NA;157;NA;NA;NA;NA;NA;NA;14.282;17.5336;15.8274;10.8495;3.74;-0.9555;-6.0369;112.3084;93.9495;167.5979;78.0393;135.3464;57.9522;121.6953;0.226;0;0;7.3115;21.8225;27.7118;89.5749;852.877747;1396.418823;1887.067871;2212.55249;2332.733154;2365.227783;2368.355225;75.30814;105.92557;52.84126;129.68506;54.59449;NA;NA;143;NA;NA;NA;NA;NA;NA
"1983";-11.211;-11.2443;-4.6274;3.2728;7.2963;15.4179;17.2238;16.7074;12.6043;5.4881;-1.3388;-11.1051;90.3299;99.0792;105.8808;111.2762;149.5515;52.9688;91.0563;98.6095;108.2763;62.2438;164.8942;123.237;72.498;88.0701;83.1374;26.67;15.279;0.2096;0;0;0.3575;10.0196;91.4999;110.6249;1.511719;3.027431;13.601633;126.333954;352.517822;815.054932;1348.992676;1866.920654;2245.050293;2418.911377;2445.095215;2445.383545;NA;NA;NA;8.67726;23.45772;69.15893;194.91965;169.01291;164.08839;121.96499;NA;NA;NA;NA;NA;NA;NA;118;NA;NA;NA;NA;NA;NA;13.5563;16.4133;13.061;11.3676;6.037;-0.4889;-7.7804;149.7626;95.8007;103.4855;97.1694;41.172;103.2972;117.0552;0.4003;0;1.5269;4.4272;2.4077;24.2569;69.8419;754.580078;1263.391113;1668.283325;2009.310913;2196.983887;2258.956055;2276.509521;103.50213;86.28794;129.51805;108.7621;93.31069;NA;NA;157;NA;NA;NA;NA;NA;NA
"1984";-15.6122;-6.578;-9.001;2.273;7.6657;13.731;17.8833;17.5296;9.8296;5.2761;-0.8759;-9.1196;47.7173;72.6504;74.6774;46.6466;154.1401;66.9104;156.7494;100.8459;51.7789;54.6146;129.9581;85.6314;44.1769;52.8496;63.8098;17.1035;8.5958;0;0;0;2.2537;9.3991;39.6029;74.3082;0;12.056342;20.283567;115.000031;352.636078;764.564636;1318.946777;1862.363159;2157.251709;2322.026367;2361.462646;2366.262939;NA;NA;NA;27.4309;39.6127;78.92953;87.54085;95.94191;165.79518;145.49083;120.26993;NA;NA;NA;NA;NA;NA;147;NA;NA;NA;NA;NA;NA;15.4179;17.2238;16.7074;12.6043;5.4881;-1.3388;-11.1051;52.9688;91.0563;98.6095;108.2763;62.2438;164.8942;123.237;0.2096;0;0;0.3575;10.0196;91.4999;110.6249;815.054932;1348.992676;1866.920654;2245.050293;2418.911377;2445.095215;2445.383545;69.15893;194.91965;169.01291;164.08839;121.96499;NA;NA;118;NA;NA;NA;NA;NA;NA
"1985";-15.6789;-9.6156;-6.4613;0.1032;7.5395;13.3577;17.545;15.6479;12.0599;5.5461;-2.6617;-11.6118;47.8954;87.8926;48.1221;29.3473;102.7108;83.4568;182.7719;67.7304;103.6063;71.3736;56.1151;52.7704;47.422;77.9432;31.1418;11.8804;9.9149;0;0;0;1.1814;6.0152;29.1283;41.9482;0;0.556125;12.757437;76.37104;310.093994;710.824768;1254.721191;1739.806152;2101.602539;2277.014893;2312.322754;2313.157715;NA;NA;NA;25.43603;36.64148;63.86786;75.94743;102.05669;112.40009;32.89131;NA;NA;NA;NA;NA;NA;NA;162;NA;NA;NA;NA;NA;NA;13.731;17.8833;17.5296;9.8296;5.2761;-0.8759;-9.1196;66.9104;156.7494;100.8459;51.7789;54.6146;129.9581;85.6314;0;0;0;2.2537;9.3991;39.6029;74.3082;764.564636;1318.946777;1862.363159;2157.251709;2322.026367;2361.462646;2366.262939;78.92953;87.54085;95.94191;165.79518;145.49083;120.26993;NA;147;NA;NA;NA;NA;NA;NA
"1986";-12.393;-12.2858;-6.0646;4.0824;10.3179;11.7591;15.8123;14.6472;8.7433;3.5514;-4.3004;-9.4413;131.7764;37.9875;56.7773;82.1844;113.4691;155.8141;171.6882;105.09;113.9403;82.6755;94.3929;48.2785;86.9949;35.1811;43.7144;38.73;3.4069;1.9366;0;1.3764;5.629;21.8983;73.9099;38.8082;5.165437;5.165437;31.550365;165.185104;486.402039;839.17572;1329.355469;1783.419434;2045.717651;2162.9375;2176.641113;2176.641113;NA;NA;NA;27.45356;54.96183;41.45819;29.30645;47.16502;32.50072;7.43957;0.42334;NA;NA;NA;NA;NA;NA;136;NA;NA;NA;NA;NA;NA;13.3577;17.545;15.6479;12.0599;5.5461;-2.6617;-11.6118;83.4568;182.7719;67.7304;103.6063;71.3736;56.1151;52.7704;0;0;0;1.1814;6.0152;29.1283;41.9482;710.824768;1254.721191;1739.806152;2101.602539;2277.014893;2312.322754;2313.157715;63.86786;75.94743;102.05669;112.40009;32.89131;NA;NA;162;NA;NA;NA;NA;NA;NA
"1987";-12.8725;-12.8766;-3.6595;5.6345;8.9503;14.5735;17.953;15.0158;11.5059;5.8511;-2.3903;-8.7341;61.1466;9.8183;52.9923;50.49;71.2476;122.285;78.1758;71.5458;92.5285;102.2824;88.7515;69.2061;59.3851;9.608;31.0413;9.8464;3.0243;0.3185;0;0;1.008;13.4659;33.4653;58.2655;0;0;57.902279;227.575729;506.098938;943.302551;1499.844727;1965.334473;2310.510254;2493.168457;2526.192383;2527.54126;NA;NA;NA;21.86135;70.89542;117.30198;138.97362;205.20476;190.16197;118.12761;NA;NA;NA;NA;NA;NA;NA;143;NA;NA;NA;NA;NA;NA;11.7591;15.8123;14.6472;8.7433;3.5514;-4.3004;-9.4413;155.8141;171.6882;105.09;113.9403;82.6755;94.3929;48.2785;1.9366;0;1.3764;5.629;21.8983;73.9099;38.8082;839.17572;1329.355469;1783.419434;2045.717651;2162.9375;2176.641113;2176.641113;41.45819;29.30645;47.16502;32.50072;7.43957;0.42334;NA;136;NA;NA;NA;NA;NA;NA
"1988";-11.1054;-12.8315;-5.3628;2.2161;10.8915;13.2751;18.3176;16.3499;10.6;3.8217;0.2453;-11.033;98.1644;99.9136;45.1606;94.5313;53.6086;142.7518;79.5811;126.5034;104.4227;122.1618;76.2963;59.657;77.2698;94.21;25.5861;32.8179;2.6341;0.2297;0;0;2.501;18.3913;27.9936;50.7839;0.990561;3.091296;20.656782;92.207443;429.84436;828.09845;1395.942749;1902.790039;2220.79126;2345.475342;2403.62085;2403.62085;NA;NA;NA;8.15433;57.90464;120.59213;77.93767;113.1479;101.41943;16.07134;NA;NA;NA;NA;NA;NA;NA;160;NA;NA;NA;NA;NA;NA;14.5735;17.953;15.0158;11.5059;5.8511;-2.3903;-8.7341;122.285;78.1758;71.5458;92.5285;102.2824;88.7515;69.2061;0.3185;0;0;1.008;13.4659;33.4653;58.2655;943.302551;1499.844727;1965.334473;2310.510254;2493.168457;2526.192383;2527.54126;117.30198;138.97362;205.20476;190.16197;118.12761;NA;NA;143;NA;NA;NA;NA;NA;NA
"1989";-12.6279;-13.3581;-7.841;1.9359;11.9712;14.6402;17.0519;17.1899;12.9835;6.0193;-3.4144;-15.9862;79.2567;72.3414;76.8606;52.5949;117.9523;81.3662;45.8035;111.7541;40.6412;87.5016;68.7246;69.117;74.021;69.1399;48.0644;15.3498;3.6786;0.2286;0;0;0.3689;19.407;33.4667;67.5891;0;0;18.037144;94.438301;465.546783;904.752441;1433.360718;1966.247681;2355.752441;2543.928711;2594.028564;2594.028564;NA;NA;NA;8.14168;29.76903;51.20231;202.0753;237.83963;248.29729;226.37035;NA;NA;NA;NA;NA;NA;NA;159;NA;NA;NA;NA;NA;NA;13.2751;18.3176;16.3499;10.6;3.8217;0.2453;-11.033;142.7518;79.5811;126.5034;104.4227;122.1618;76.2963;59.657;0.2297;0;0;2.501;18.3913;27.9936;50.7839;828.09845;1395.942749;1902.790039;2220.79126;2345.475342;2403.62085;2403.62085;120.59213;77.93767;113.1479;101.41943;16.07134;NA;NA;160;NA;NA;NA;NA;NA;NA
"1990";-9.7134;-13.1042;-5.2676;2.6884;7.9212;15.4966;17.3272;17.4724;10.7421;5.1901;-2.5252;-8.3087;89.5427;65.3684;47.8648;54.0411;109.7476;70.0897;63.2191;80.3006;112.8766;140.8624;118.4225;97.0015;71.9833;59.8937;28.0264;28.4308;17.0398;0;0;0;6.1245;28.0644;87.9146;78.0486;4.919548;6.346924;24.03422;129.656906;375.21344;840.112;1377.256348;1918.900757;2241.163818;2403.625488;2413.190674;2413.344727;NA;NA;NA;31.24385;38.76796;96.32056;186.57724;255.16707;262.53427;73.92985;NA;NA;NA;NA;NA;NA;NA;186;NA;NA;NA;NA;NA;NA;14.6402;17.0519;17.1899;12.9835;6.0193;-3.4144;-15.9862;81.3662;45.8035;111.7541;40.6412;87.5016;68.7246;69.117;0.2286;0;0;0.3689;19.407;33.4667;67.5891;904.752441;1433.360718;1966.247681;2355.752441;2543.928711;2594.028564;2594.028564;51.20231;202.0753;237.83963;248.29729;226.37035;NA;NA;159;NA;NA;NA;NA;NA;NA
"1991";-16.6633;-10.8401;-4.8766;1.9834;8.8501;14.5447;16.8299;16.5877;9.7012;5.4126;-0.8233;-11.3773;70.5796;70.1997;141.5221;66.24;114.5179;18.9929;109.7325;118.3518;72.9883;167.4732;51.736;64.4653;69.0749;59.9647;106.4204;28.796;13.6064;0;0;0;3.1136;20.4166;26.88;56.6656;0;0;9.168823;85.385956;359.740021;796.082275;1317.807617;1832.027588;2123.063721;2298.599609;2331.359863;2334.325684;NA;NA;NA;20.98579;17.6792;118.36788;178.78607;186.04453;177.02049;58.32117;NA;NA;NA;NA;NA;NA;NA;153;NA;NA;NA;NA;NA;NA;15.4966;17.3272;17.4724;10.7421;5.1901;-2.5252;-8.3087;70.0897;63.2191;80.3006;112.8766;140.8624;118.4225;97.0015;0;0;0;6.1245;28.0644;87.9146;78.0486;840.112;1377.256348;1918.900757;2241.163818;2403.625488;2413.190674;2413.344727;96.32056;186.57724;255.16707;262.53427;73.92985;NA;NA;186;NA;NA;NA;NA;NA;NA
"1992";-14.1638;-13.644;-8.238;0.6508;10.4406;14.0391;14.12;15.7493;12.0718;3.3467;-3.3068;-8.7106;108.0517;90.3943;44.0671;97.7502;42.5362;163.59;153.3608;113.1709;104.4061;110.6172;52.3024;84.8826;90.1004;88.6965;22.134;36.0337;5.1356;0;0;0;0.4898;23.3856;28.9955;71.3821;0;0;10.561445;68.385971;392.275299;813.449036;1251.168945;1739.398193;2101.552979;2217.054443;2235.432861;2239.079834;NA;NA;NA;14.43778;49.67025;87.04736;32.24428;67.04818;102.02549;61.48717;NA;NA;NA;NA;NA;NA;NA;139;NA;NA;NA;NA;NA;NA;14.5447;16.8299;16.5877;9.7012;5.4126;-0.8233;-11.3773;18.9929;109.7325;118.3518;72.9883;167.4732;51.736;64.4653;0;0;0;3.1136;20.4166;26.88;56.6656;796.082275;1317.807617;1832.027588;2123.063721;2298.599609;2331.359863;2334.325684;118.36788;178.78607;186.04453;177.02049;58.32117;NA;NA;153;NA;NA;NA;NA;NA;NA
"1993";-14.9992;-17.6123;-6.7752;2.3648;9.1864;14.0446;16.4179;16.779;10.5854;2.2432;-3.0578;-8.6793;42.8769;80.4993;67.6056;75.946;112.3206;80.9942;82.9177;118.9588;95.4325;109.3982;95.2322;92.0733;37.9445;80.0641;64.8317;23.9236;6.4623;1.5007;0;0;1.4166;27.5956;60.4292;45.7915;0;0;27.689892;117.621407;402.398834;823.737732;1332.694214;1852.844482;2170.406494;2247.134521;2262.91333;2266.291748;NA;NA;NA;12.49773;25.41186;68.29516;186.98756;174.03993;120.48227;89.77093;NA;NA;NA;NA;NA;NA;NA;160;NA;NA;NA;NA;NA;NA;14.0391;14.12;15.7493;12.0718;3.3467;-3.3068;-8.7106;163.59;153.3608;113.1709;104.4061;110.6172;52.3024;84.8826;0;0;0;0.4898;23.3856;28.9955;71.3821;813.449036;1251.168945;1739.398193;2101.552979;2217.054443;2235.432861;2239.079834;87.04736;32.24428;67.04818;102.02549;61.48717;NA;NA;139;NA;NA;NA;NA;NA;NA
"1994";-19.2186;-14.7397;-5.0603;1.0786;7.2434;16.0252;17.7714;14.6689;10.2902;6.7478;-0.8286;-7.6141;107.0637;55.2726;71.1349;81.08;126.1404;142.0595;118.9038;96.5624;73.169;31.7727;152.3593;73.318;102.2364;54.005;57.2662;40.0934;19.7286;0.2886;0;0;2.4831;0.9045;53.1242;65.3659;0;7.256771;9.413232;77.987656;302.533478;783.290466;1334.202881;1788.938721;2097.644531;2306.827148;2352.337158;2356.888672;NA;NA;NA;18.47239;23.38313;27.45894;60.61666;112.05975;136.53786;160.44185;28.88461;NA;NA;NA;NA;NA;NA;163;NA;NA;NA;NA;NA;NA;14.0446;16.4179;16.779;10.5854;2.2432;-3.0578;-8.6793;80.9942;82.9177;118.9588;95.4325;109.3982;95.2322;92.0733;1.5007;0;0;1.4166;27.5956;60.4292;45.7915;823.737732;1332.694214;1852.844482;2170.406494;2247.134521;2262.91333;2266.291748;68.29516;186.98756;174.03993;120.48227;89.77093;NA;NA;160;NA;NA;NA;NA;NA;NA
"1995";-10.6066;-14.7942;-5.7998;-0.7007;8.2832;15.5619;18.8051;16.5012;9.918;7.7769;-3.3142;-10.4789;144.0569;94.1025;119.5454;62.798;89.281;50.5553;127.3562;65.8214;100.7833;97.7694;77.8303;119.4799;119.3823;92.8488;88.702;37.503;7.407;2.5609;0;0;1.9706;2.9183;42.6718;107.5886;2.987869;2.987869;9.386657;48.374996;305.955353;772.81189;1355.769653;1867.30835;2164.849121;2408.201416;2433.588379;2433.588379;NA;NA;NA;NA;24.82535;78.70499;169.73999;177.2282;185.00937;103.67291;NA;NA;NA;NA;NA;NA;NA;172;NA;NA;NA;NA;NA;NA;16.0252;17.7714;14.6689;10.2902;6.7478;-0.8286;-7.6141;142.0595;118.9038;96.5624;73.169;31.7727;152.3593;73.318;0.2886;0;0;2.4831;0.9045;53.1242;65.3659;783.290466;1334.202881;1788.938721;2097.644531;2306.827148;2352.337158;2356.888672;27.45894;60.61666;112.05975;136.53786;160.44185;28.88461;NA;163;NA;NA;NA;NA;NA;NA
"1996";-13.8997;-11.4302;-6.0877;2.2021;7.569;15.3998;16.3868;15.793;11.3369;4.1274;-2.2424;-5.0062;111.182;100.4054;55.1114;126.6591;67.6616;45.5676;192.0812;41.3993;91.3339;87.8533;73.8192;94.767;89.803;74.1003;41.3519;47.4953;11.8666;0;0;0;0.5538;13.2953;38.1868;52.3717;8.605686;20.039463;32.232189;110.164368;345.192474;807.187439;1315.178467;1804.760498;2144.866943;2276.846436;2319.138428;2331.696289;NA;NA;NA;4.20401;27.44728;142.04218;116.96265;150.17188;195.78883;140.2998;NA;NA;NA;NA;NA;NA;NA;142;NA;NA;NA;NA;NA;NA;15.5619;18.8051;16.5012;9.918;7.7769;-3.3142;-10.4789;50.5553;127.3562;65.8214;100.7833;97.7694;77.8303;119.4799;2.5609;0;0;1.9706;2.9183;42.6718;107.5886;772.81189;1355.769653;1867.30835;2164.849121;2408.201416;2433.588379;2433.588379;78.70499;169.73999;177.2282;185.00937;103.67291;NA;NA;172;NA;NA;NA;NA;NA;NA
"1997";-14.2101;-12.3048;-8.5961;0.219;6.5369;13.7536;16.9434;14.6495;11.0822;4.5847;-2.5511;-9.1485;124.1983;86.3137;67.7677;34.6537;127.4627;78.9753;65.396;112.3948;79.6267;54.0861;64.2961;99.0644;120.1379;83.0656;54.2919;11.1809;17.4225;0.5864;0;0;3.4866;19.0492;24.7843;87.1817;0;0;3.543828;52.335228;254.978043;667.586853;1192.833008;1646.968872;1979.434814;2130.137695;2176.335693;2176.335693;NA;NA;NA;NA;11.32292;80.53497;162.47688;238.17142;188.71379;159.49973;NA;NA;NA;NA;NA;NA;NA;177;NA;NA;NA;NA;NA;NA;15.3998;16.3868;15.793;11.3369;4.1274;-2.2424;-5.0062;45.5676;192.0812;41.3993;91.3339;87.8533;73.8192;94.767;0;0;0;0.5538;13.2953;38.1868;52.3717;807.187439;1315.178467;1804.760498;2144.866943;2276.846436;2319.138428;2331.696289;142.04218;116.96265;150.17188;195.78883;140.2998;NA;NA;142;NA;NA;NA;NA;NA;NA
"1998";-11.1838;-7.5467;-4.3964;2.6836;12.1996;14.6461;17.5695;16.12;11.4325;5.1299;-1.9285;-8.2172;64.0317;64.8391;105.4339;63.9567;59.1418;68.0503;119.5982;81.8101;156.1219;115.3267;86.8873;74.1159;60.529;43.6545;64.575;26.6893;1.3042;1.5483;0;0;2.8174;16.5834;54.7092;65.4985;0;3.079478;32.599426;126.040421;504.226959;943.609497;1488.265137;1987.984253;2330.960205;2489.987061;2506.664551;2509.357178;NA;NA;NA;29.79462;101.23959;162.26987;191.76683;244.61787;127.86617;27.01534;NA;NA;NA;NA;NA;NA;NA;179;NA;NA;NA;NA;NA;NA;13.7536;16.9434;14.6495;11.0822;4.5847;-2.5511;-9.1485;78.9753;65.396;112.3948;79.6267;54.0861;64.2961;99.0644;0.5864;0;0;3.4866;19.0492;24.7843;87.1817;667.586853;1192.833008;1646.968872;1979.434814;2130.137695;2176.335693;2176.335693;80.53497;162.47688;238.17142;188.71379;159.49973;NA;NA;177;NA;NA;NA;NA;NA;NA
"1999";-13.5493;-9.0415;-2.5879;2.3019;12.9114;17.4064;17.4148;16.0642;13.4491;4.0127;0.1338;-7.1414;87.8127;60.7467;57.7556;68.0076;77.0838;77.0983;106.5548;64.9725;140.7726;106.5782;94.8386;85.062;82.7256;51.9527;40.1873;33.7592;1.1293;0;0;0;0;17.2064;42.2115;60.4994;2.441314;2.441314;21.826988;103.242905;503.496429;1025.6875;1565.547241;2063.536865;2467.009521;2592.816162;2649.830811;2651.003906;NA;NA;NA;17.61429;59.46753;107.89649;180.22072;229.63603;161.72517;54.50187;19.57129;NA;NA;NA;NA;NA;NA;156;NA;NA;NA;NA;NA;NA;14.6461;17.5695;16.12;11.4325;5.1299;-1.9285;-8.2172;68.0503;119.5982;81.8101;156.1219;115.3267;86.8873;74.1159;1.5483;0;0;2.8174;16.5834;54.7092;65.4985;943.609497;1488.265137;1987.984253;2330.960205;2489.987061;2506.664551;2509.357178;162.26987;191.76683;244.61787;127.86617;27.01534;NA;NA;179;NA;NA;NA;NA;NA;NA
"2000";-12.8188;-10.0472;-2.4327;1.1783;8.2428;13.0571;15.5411;16.5708;10.947;4.7042;-0.4572;-9.9936;120.6865;56.9184;51.5712;64.4755;113.4434;53.6542;134.3846;128.1527;27.8499;95.4578;78.8233;99.3272;117.2404;46.0958;35.433;28.9814;11.511;0.2468;0;0;0;29.1548;36.183;86.136;0;7.753612;31.130741;88.486267;344.014008;735.7276;1217.502441;1731.197144;2059.607178;2206.022461;2236.948486;2237.470703;NA;NA;NA;10.05311;13.31698;89.46748;108.93661;99.65128;172.43651;153.61873;NA;NA;NA;NA;NA;NA;NA;160;NA;NA;NA;NA;NA;NA;17.4064;17.4148;16.0642;13.4491;4.0127;0.1338;-7.1414;77.0983;106.5548;64.9725;140.7726;106.5782;94.8386;85.062;0;0;0;0;17.2064;42.2115;60.4994;1025.6875;1565.547241;2063.536865;2467.009521;2592.816162;2649.830811;2651.003906;107.89649;180.22072;229.63603;161.72517;54.50187;19.57129;NA;156;NA;NA;NA;NA;NA;NA
"2001";-11.9113;-11.9124;-6.3681;1.5517;11.6886;14.6353;16.2872;17.1225;12.5449;6.9817;0.7431;-4.177;33.9986;81.7219;52.0291;27.0375;70.229;93.0935;130.5454;82.3995;69.945;109.0701;63.9915;40.2416;33.323;77.0659;40.5072;12.2717;1.4851;1.0768;0;0;0.2572;8.0178;35.9597;27.7675;0;0;1.760185;70.445625;432.79129;871.849121;1376.751099;1907.549316;2283.897217;2502.129395;2577.779053;2588.742188;NA;NA;NA;22.86489;77.21451;83.39612;110.64605;184.76836;190.51921;90.49308;39.56776;NA;NA;NA;NA;NA;NA;201;NA;NA;NA;NA;NA;NA;13.0571;15.5411;16.5708;10.947;4.7042;-0.4572;-9.9936;53.6542;134.3846;128.1527;27.8499;95.4578;78.8233;99.3272;0.2468;0;0;0;29.1548;36.183;86.136;735.7276;1217.502441;1731.197144;2059.607178;2206.022461;2236.948486;2237.470703;89.46748;108.93661;99.65128;172.43651;153.61873;NA;NA;160;NA;NA;NA;NA;NA;NA
"2002";-11.084;-10.8642;-6.6083;2.3417;8.7888;13.2806;17.0054;17.1341;12.185;4.0945;-3.4034;-8.1209;48.1792;99.2038;78.8516;60.3779;87.2319;109.3475;119.6737;80.4801;68.5532;59.241;94.6957;61.3098;46.4357;83.0276;62.5129;16.6192;6.8527;0;0;0;0;12.9448;70.1435;52.5006;0;0.254412;6.107489;88.268539;360.721436;759.13916;1286.305176;1817.461548;2183.012207;2311.760254;2323.912109;2323.912109;NA;NA;NA;10.98194;28.47273;94.16576;86.5791;134.58028;209.06625;240.37868;NA;NA;NA;NA;NA;NA;NA;170;NA;NA;NA;NA;NA;NA;14.6353;16.2872;17.1225;12.5449;6.9817;0.7431;-4.177;93.0935;130.5454;82.3995;69.945;109.0701;63.9915;40.2416;1.0768;0;0;0.2572;8.0178;35.9597;27.7675;871.849121;1376.751099;1907.549316;2283.897217;2502.129395;2577.779053;2588.742188;83.39612;110.64605;184.76836;190.51921;90.49308;39.56776;NA;201;NA;NA;NA;NA;NA;NA
"2003";-14.694;-14.2535;-6.6534;-0.2316;8.5163;15.2548;16.7596;15.592;13.2789;5.321;-1.036;-7.6381;44.0383;99.4348;56.8383;71.0445;69.9416;70.7125;125.105;118.5352;106.7536;147.6198;109.8097;145.3148;43.8586;95.7614;42.6108;25.8597;7.3739;0;0;0;0;28.0238;51.705;119.1631;0;0;14.476137;76.718201;340.724609;798.368347;1317.917358;1801.270508;2199.637939;2364.866943;2378.897461;2378.897461;NA;NA;NA;15.25019;33.17067;116.63023;201.1507;112.30788;184.67337;68.80744;NA;NA;NA;NA;NA;NA;NA;175;NA;NA;NA;NA;NA;NA;13.2806;17.0054;17.1341;12.185;4.0945;-3.4034;-8.1209;109.3475;119.6737;80.4801;68.5532;59.241;94.6957;61.3098;0;0;0;0;12.9448;70.1435;52.5006;759.13916;1286.305176;1817.461548;2183.012207;2311.760254;2323.912109;2323.912109;94.16576;86.5791;134.58028;209.06625;240.37868;NA;NA;170;NA;NA;NA;NA;NA;NA
"2004";-17.0029;-11.0451;-5.2258;1.5557;8.0157;13.211;17.0763;15.9433;11.3192;6.0086;-1.6686;-10.6399;69.1258;57.9879;74.171;104.0013;109.7687;134.5495;180.7933;177.3934;109.3693;63.0637;103.9617;126.3103;67.9715;55.8761;52.4871;42.6002;5.9519;0;0;0;1.1824;5.27;49.846;111.2999;0;0;11.925952;68.180222;316.665527;712.995544;1242.359375;1736.602539;2076.177979;2262.444824;2273.83374;2273.83374;NA;NA;NA;NA;22.82986;54.70492;34.56435;53.37347;36.15068;91.13435;NA;NA;NA;NA;NA;NA;NA;179;NA;NA;NA;NA;NA;NA;15.2548;16.7596;15.592;13.2789;5.321;-1.036;-7.6381;70.7125;125.105;118.5352;106.7536;147.6198;109.8097;145.3148;0;0;0;0;28.0238;51.705;119.1631;798.368347;1317.917358;1801.270508;2199.637939;2364.866943;2378.897461;2378.897461;116.63023;201.1507;112.30788;184.67337;68.80744;NA;NA;175;NA;NA;NA;NA;NA;NA
"2005";-15.2486;-9.9794;-5.9491;2.739;7.8351;15.047;18.1619;16.7774;12.5159;6.584;-0.64;-8.4029;42.3612;57.2196;98.6523;137.2301;70.3607;119.213;72.6562;177.036;110.3682;130.2465;122.8723;117.2698;39.0824;49.7751;92.185;44.7096;2.2172;0;0;0;1.2174;10.0346;60.0219;100.1775;0;0;0.662741;85.057533;327.945404;779.356445;1342.374878;1862.473511;2237.95166;2442.056396;2482.179443;2486.157227;NA;NA;NA;6.7055;35.81101;63.44381;141.35971;210.13869;62.12799;18.41437;5.37612;NA;NA;NA;NA;NA;NA;187;NA;NA;NA;NA;NA;NA;13.211;17.0763;15.9433;11.3192;6.0086;-1.6686;-10.6399;134.5495;180.7933;177.3934;109.3693;63.0637;103.9617;126.3103;0;0;0;1.1824;5.27;49.846;111.2999;712.995544;1242.359375;1736.602539;2076.177979;2262.444824;2273.83374;2273.83374;54.70492;34.56435;53.37347;36.15068;91.13435;NA;NA;179;NA;NA;NA;NA;NA;NA
"2006";-8.9379;-12.1389;-3.3226;3.6873;10.3054;15.9495;17.5908;15.4547;11.2755;5.6287;1.5396;-5.8623;121.1875;106.4206;45.4824;51.1303;102.886;89.1682;97.6883;39.0333;137.6892;160.896;91.2711;77.0764;96.8606;97.8609;31.2524;14.6836;1.7248;0;0;0;0;16.0474;23.4451;59.6969;1.548654;1.548654;20.214733;132.356323;451.82431;930.309387;1475.623047;1954.719971;2292.983643;2467.473633;2531.915527;2534.506348;NA;NA;NA;20.11228;42.87984;94.65257;157.6635;266.85208;302.00476;66.10094;5.31109;NA;NA;NA;NA;NA;NA;167;NA;NA;NA;NA;NA;NA;15.047;18.1619;16.7774;12.5159;6.584;-0.64;-8.4029;119.213;72.6562;177.036;110.3682;130.2465;122.8723;117.2698;0;0;0;1.2174;10.0346;60.0219;100.1775;779.356445;1342.374878;1862.473511;2237.95166;2442.056396;2482.179443;2486.157227;63.44381;141.35971;210.13869;62.12799;18.41437;5.37612;NA;187;NA;NA;NA;NA;NA;NA
"2007";-10.8925;-12.6489;-6.7707;1.4774;8.963;13.7481;17.1018;15.303;11.1677;7.4799;-2.4619;-10.4703;62.1555;77.6516;101.7798;54.2407;58.0915;101.9629;129.8945;128.3575;132.9707;102.9951;171.4729;82.9732;49.6763;75.0934;91.8909;25.0602;6.8878;0;0;0;1.3884;5.4591;96.9012;76.2367;5.724873;5.724873;9.44185;68.585983;346.438629;758.880737;1289.035645;1763.428955;2098.460693;2330.337646;2348.601563;2348.601563;NA;NA;NA;12.36634;51.77184;99.55598;102.65829;106.2109;75.3187;15.89739;10.32145;NA;NA;NA;NA;NA;NA;158;NA;NA;NA;NA;NA;NA;15.9495;17.5908;15.4547;11.2755;5.6287;1.5396;-5.8623;89.1682;97.6883;39.0333;137.6892;160.896;91.2711;77.0764;0;0;0;0;16.0474;23.4451;59.6969;930.309387;1475.623047;1954.719971;2292.983643;2467.473633;2531.915527;2534.506348;94.65257;157.6635;266.85208;302.00476;66.10094;5.31109;NA;167;NA;NA;NA;NA;NA;NA
"2008";-10.3679;-10.792;-8.1597;3.5066;9.5649;13.7619;18.491;16.382;11.6547;6.0822;-0.0282;-10.2444;68.2991;86.8744;139.4258;93.3656;67.7474;119.5807;88.6411;119.2993;117.4529;93.3246;80.1739;114.6025;52.0304;84.6597;128.2455;21.2245;0.6761;0;0;0;0;8.2221;24.8386;104.727;1.804054;1.804054;1.804054;112.061356;408.572052;821.429382;1394.650879;1902.491821;2252.131836;2444.028564;2504.013184;2504.013184;NA;NA;NA;3.27315;34.85986;102.79266;149.49796;107.39481;149.95952;54.75846;NA;NA;NA;NA;NA;NA;NA;177;NA;NA;NA;NA;NA;NA;13.7481;17.1018;15.303;11.1677;7.4799;-2.4619;-10.4703;101.9629;129.8945;128.3575;132.9707;102.9951;171.4729;82.9732;0;0;0;1.3884;5.4591;96.9012;76.2367;758.880737;1289.035645;1763.428955;2098.460693;2330.337646;2348.601563;2348.601563;99.55598;102.65829;106.2109;75.3187;15.89739;10.32145;NA;158;NA;NA;NA;NA;NA;NA
"2009";-16.2427;-9.1569;-6.0739;3.2238;8.9801;13.6421;16.1649;16.4194;11.6558;3.5819;1.104;-8.0646;91.6782;63.735;59.1232;120.6312;84.8169;82.0384;143.2847;75.4734;63.0264;112.9428;87.7672;118.5061;90.959;58.7283;43.3282;35.7373;2.3824;0;0;0;0;16.1337;38.5455;105.2802;0;0;4.208659;101.366837;379.750793;789.014099;1290.125488;1799.127319;2148.800537;2262.984131;2311.773438;2311.773438;NA;NA;NA;21.45087;61.02637;107.41892;120.6946;166.96419;241.15366;100.54261;NA;NA;NA;NA;NA;NA;NA;175;NA;NA;NA;NA;NA;NA;13.7619;18.491;16.382;11.6547;6.0822;-0.0282;-10.2444;119.5807;88.6411;119.2993;117.4529;93.3246;80.1739;114.6025;0;0;0;0;8.2221;24.8386;104.727;821.429382;1394.650879;1902.491821;2252.131836;2444.028564;2504.013184;2504.013184;102.79266;149.49796;107.39481;149.95952;54.75846;NA;NA;177;NA;NA;NA;NA;NA;NA
"2010";-8.3008;-5.7546;-2.7664;4.4885;10.7591;14.3421;18.065;17.2841;11.4742;5.7446;-1.0259;-5.1896;67.5834;56.706;60.8611;64.9429;94.3984;120.5555;89.4433;43.2173;258.6208;132.8048;93.722;138.7327;53.582;43.6662;40.0782;14.2754;3.044;0;0;0;2.0387;15.2662;48.3754;81.775;0.306755;0.306755;5.144953;139.800842;473.333313;903.595154;1463.610596;1999.417969;2343.644531;2521.72583;2544.128174;2548.247314;NA;NA;NA;14.17387;43.30958;103.82008;128.70517;266.1535;143.9834;6.33231;NA;NA;NA;NA;NA;NA;NA;195;NA;NA;NA;NA;NA;NA;13.6421;16.1649;16.4194;11.6558;3.5819;1.104;-8.0646;82.0384;143.2847;75.4734;63.0264;112.9428;87.7672;118.5061;0;0;0;0;16.1337;38.5455;105.2802;789.014099;1290.125488;1799.127319;2148.800537;2262.984131;2311.773438;2311.773438;107.41892;120.6946;166.96419;241.15366;100.54261;NA;NA;175;NA;NA;NA;NA;NA;NA
"2011";-11.1611;-11.328;-5.8783;1.5286;8.3036;13.1007;17.8726;16.6921;12.8197;6.8683;1.5476;-7.2157;76.8299;72.1655;117.1812;104.3908;161.6743;108.2241;100.0203;121.6402;83.3297;44.8571;80.3209;82.1986;69.2253;68.2824;100.5421;43.7549;12.3507;0;0;0;0;1.6565;24.3524;66.6544;0;0;2.517005;68.493195;325.90332;718.925293;1272.977051;1790.432251;2175.022949;2387.939453;2466.361084;2468.571533;NA;NA;NA;NA;18.16347;44.27972;115.09715;165.62543;95.95127;135.35754;126.43398;NA;NA;NA;NA;NA;NA;179;NA;NA;NA;NA;NA;NA;14.3421;18.065;17.2841;11.4742;5.7446;-1.0259;-5.1896;120.5555;89.4433;43.2173;258.6208;132.8048;93.722;138.7327;0;0;0;2.0387;15.2662;48.3754;81.775;903.595154;1463.610596;1999.417969;2343.644531;2521.72583;2544.128174;2548.247314;103.82008;128.70517;266.1535;143.9834;6.33231;NA;NA;195;NA;NA;NA;NA;NA;NA
"2012";-11.7055;-9.3831;-2.5585;2.9211;10.9973;14.4712;18.1695;17.834;12.544;6.062;-1.1764;-6.9994;91.1288;47.1383;46.8777;122.461;104.4633;112.8521;50.1256;88.7231;49.2663;125.8262;36.5801;111.5618;86.475;40.2351;36.3602;49.6256;2.4736;0;0;0;0;10.9666;12.653;91.3951;0;0;38.679729;127.741295;468.657471;902.79425;1466.04834;2018.901978;2395.223389;2583.144287;2621.343262;2621.474609;NA;NA;NA;11.90392;29.10665;80.34465;151.696;230.59132;285.55093;165.68625;89.24343;NA;NA;NA;NA;NA;NA;188;NA;NA;NA;NA;NA;NA;13.1007;17.8726;16.6921;12.8197;6.8683;1.5476;-7.2157;108.2241;100.0203;121.6402;83.3297;44.8571;80.3209;82.1986;0;0;0;0;1.6565;24.3524;66.6544;718.925293;1272.977051;1790.432251;2175.022949;2387.939453;2466.361084;2468.571533;44.27972;115.09715;165.62543;95.95127;135.35754;126.43398;NA;179;NA;NA;NA;NA;NA;NA
"2013";-11.8616;-9.8307;-2.6697;1.6411;9.1755;12.8029;17.864;15.8124;11.1299;6.5071;-1.6601;-13.0484;60.494;74.8707;81.1681;63.6767;167.3397;179.9265;40.701;56.3898;98.9073;49.4912;84.1861;121.5603;48.1451;66.2556;55.0597;25.3319;2.1917;0;0;0;0;3.3819;48.1744;117.2034;1.174343;1.174343;14.394376;89.250198;373.691986;757.777771;1311.561035;1801.74585;2135.643066;2337.912354;2371.915771;2371.915771;NA;NA;NA;26.36448;25.47676;45.07834;118.0667;241.58498;225.82297;197.93919;NA;NA;NA;NA;NA;NA;NA;182;NA;NA;NA;NA;NA;NA;14.4712;18.1695;17.834;12.544;6.062;-1.1764;-6.9994;112.8521;50.1256;88.7231;49.2663;125.8262;36.5801;111.5618;0;0;0;0;10.9666;12.653;91.3951;902.79425;1466.04834;2018.901978;2395.223389;2583.144287;2621.343262;2621.474609;80.34465;151.696;230.59132;285.55093;165.68625;89.24343;NA;188;NA;NA;NA;NA;NA;NA
