stem_id,plot_id,species_id,x,y
S1760_0001,S1760,ABA,0,19.5
S1760_0002,S1760,ABA,5,19
S1760_0005,S1760,ABA,9.5,18
S1760_0006,S1760,ABA,11,17
S1760_0008,S1760,ABA,12.5,20
S1760_0009,S1760,ABA,10,16
S1760_0010,S1760,ABA,7,12
S1760_0011,S1760,ABA,10,11
S1760_0014,S1760,ABA,8,10
S1760_0015,S1760,ABA,10,10
S1760_0016,S1760,ABA,15,7
S1760_0073,S1760,TOC,3.5,2.5
S1760_0087,S1760,ABA,2,16
S1760_0090,S1760,ABA,2,4.5
S1760_0091,S1760,TOC,17,18.5
S1760_0093,S1760,ABA,0.5,7
S1760_0094,S1760,ABA,18,10
S1760_0118,S1760,ABA,3,1
S1760_0120,S1760,TOC,4,4
S1760_0137,S1760,ABA,12,18
S1760_0146,S1760,ABA,9,1.5
S1760_0150,S1760,TOC,2.5,8.5
S1760_0163,S1760,ABA,6,1
S1760_0176,S1760,ABA,18,6
S1760_0177,S1760,ABA,3,3
S1760_0183,S1760,ABA,15,4
S1760_0184,S1760,ABA,4.5,2.5
S1760_0201,S1760,TOC,16.5,1
S1760_0217,S1760,TOC,10,2
S1760_0249,S1760,ABA,17,18
S1760_0321,S1760,TOC,18,10
S1760_0334,S1760,ABA,2,7
S1760_0336,S1760,ABA,14,1
S1760_0337,S1760,ABA,0.5,7
S1760_0343,S1760,TOC,3.5,5
S1760_0355,S1760,TOC,2,5
S1760_0379,S1760,TOC,1,8.5
S1760_0390,S1760,ABA,17,13
S1760_0395,S1760,ABA,4,15.5
S1760_0425,S1760,ABA,19,13
S1760_0433,S1760,ABA,19,1
S1760_0448,S1760,TOC,7,7
S1760_0460,S1760,TOC,17,7.5
S1760_0465,S1760,TOC,18,17
S1760_0473,S1760,ABA,19,16.5
S1760_0480,S1760,BPA,13,1
S1760_0481,S1760,ABA,11,3
S1760_0508,S1760,ABA,18.2,2
S1760_0509,S1760,TOC,18.5,4
S1760_0523,S1760,TOC,2,13
S1760_0525,S1760,ABA,8,5
S1760_0540,S1760,ABA,3.5,7
S1760_0555,S1760,TOC,19.5,14
S1760_0561,S1760,TOC,4,7
S1760_0566,S1760,TOC,19,20
S1760_0568,S1760,ABA,2,8.5
S1760_0586,S1760,ABA,19,9
S1760_0594,S1760,TOC,17,2
S1760_0700,S1760,ABA,4,12
S1760_0804,S1760,TOC,18,9.5
S1760_0806,S1760,ABA,12,4
S1760_0850,S1760,ABA,2,7
S1760_0851,S1760,TOC,6,10
S1760_0852,S1760,ABA,5,10
S1760_0853,S1760,ABA,2.5,12.75
S1760_0854,S1760,BPA,5,12.75
S1760_0855,S1760,ABA,7,14.75
S1760_0856,S1760,TOC,7,17
S1760_0857,S1760,ABA,7,19
S1760_0858,S1760,ABA,4,18
S1760_0859,S1760,ABA,3.5,17
S1760_0860,S1760,ABA,4,16
S1760_0865,S1760,TOC,6,2
S1760_0876,S1760,ABA,3,18.5
S1760_0895,S1760,ABA,3.5,10
S1760_0994,S1760,ABA,19,0.75
S1760_0995,S1760,PTR,20,1.5
S1760_0997,S1760,TOC,11,17
S1760_0998,S1760,BPA,13,1
S1760_0999,S1760,ABA,13,3
S1760_1000,S1760,ABA,14,2.5
S1760_2892,S1760,ABA,17,9
S1760_2893,S1760,ABA,10,1.5
S1760_2894,S1760,ABA,8,6
S1760_2895,S1760,ABA,3,18
S1760_2896,S1760,ABA,3,7
S1760_2897,S1760,ABA,6,0
S1760_2898,S1760,ABA,5,4
S1760_4020,S1760,ABA,18.5,0
S1760_4021,S1760,ABA,0,0
S1760_4022,S1760,ABA,18.5,4
S1760_4024,S1760,ABA,18,18
S1760_4025,S1760,ABA,11,19
S1760_4026,S1760,ABA,11,18
S1760_4027,S1760,ABA,8,18
S1760_4028,S1760,ABA,6,19
S1760_4029,S1760,ABA,4,0
S1760_4030,S1760,ABA,2,20
S1760_4031,S1760,ABA,3,10
S1760_4032,S1760,ABA,3,10
S1760_4033,S1760,ABA,3,10
S1760_4034,S1760,ABA,3,5
S1760_4035,S1760,ABA,3,5
S1760_4036,S1760,ABA,1,6
S1760_4037,S1760,ABA,1,6
S1760_4038,S1760,ABA,3,2
S1760_4039,S1760,ABA,7,5.5
S1760_4040,S1760,ABA,7,3
S1760_4041,S1760,ABA,4,NA
S1760_4042,S1760,ABA,3,3
S1760_4043,S1760,ABA,6,4
S1760_4044,S1760,ABA,7,4
S1760_4045,S1760,ABA,10,7
S1760_4046,S1760,ABA,10,6
S1760_4047,S1760,ABA,7,3
S1760_4048,S1760,ABA,7,3
S1760_4049,S1760,ABA,17,1
S1760_5801,S1760,TOC,15,10
S1760_5802,S1760,ABA,6.25,20
S1760_5803,S1760,ABA,5,16
S1760_5804,S1760,ABA,6,14.5
S1760_5805,S1760,ABA,6.5,13
S1760_5806,S1760,ABA,3.5,2
S1760_5807,S1760,ABA,4.5,1.5
S1760_5808,S1760,ABA,2.25,1
S1760_5809,S1760,ABA,1,4
S1760_5810,S1760,ABA,1,6.5
S1760_5811,S1760,ABA,3,6
S1760_5812,S1760,ABA,3.75,6
S1760_5813,S1760,ABA,2,8
S1760_5814,S1760,ABA,0.5,8.75
S1760_5815,S1760,ABA,2,12.5
S1760_5816,S1760,ABA,3,20
S1760_5890,S1760,ABA,19.5,3
S1760_5891,S1760,ABA,18,2.75
S1760_5892,S1760,ABA,19.25,4.5
S1760_5893,S1760,ABA,12,2.75
S1760_5894,S1760,ABA,14.5,1
S1760_5895,S1760,ABA,13.5,0.75
S1760_5896,S1760,ABA,9.5,4
S1760_5897,S1760,ABA,8,6
S1760_5898,S1760,ABA,8,17.5
S1760_5899,S1760,ABA,8.5,20
S1760_5900,S1760,ABA,19,1
S1797_0003,S1797,TOC,5.5,0.5
S1797_0005,S1797,ABA,4,5
S1797_0006,S1797,ABA,1,5
S1797_0007,S1797,BPA,0.5,6.75
S1797_0008,S1797,TOC,1,7.25
S1797_0009,S1797,TOC,0.75,8.25
S1797_0010,S1797,PGL,5,6.5
S1797_0012,S1797,ABA,1.25,9.75
S1797_0014,S1797,ABA,1,12.25
S1797_0015,S1797,TOC,0.75,12.75
S1797_0016,S1797,ABA,5.25,12.25
S1797_0017,S1797,ABA,3.75,16.25
S1797_0018,S1797,BPA,4,17.5
S1797_0019,S1797,ABA,3,18
S1797_0020,S1797,ABA,2.75,17
S1797_0021,S1797,TOC,3.25,19.75
S1797_0022,S1797,ABA,5.25,17.25
S1797_0023,S1797,BPA,8.5,20
S1797_0024,S1797,ABA,9.5,16
S1797_0025,S1797,ABA,8.75,15.5
S1797_0027,S1797,ABA,9.5,14.5
S1797_0029,S1797,TOC,9.25,13
S1797_0030,S1797,TOC,8,11
S1797_0031,S1797,ABA,8.25,10.5
S1797_0032,S1797,PGL,10,10
S1797_0033,S1797,PGL,11,10.25
S1797_0034,S1797,BPA,11,11
S1797_0035,S1797,TOC,12.5,15
S1797_0036,S1797,BPA,10.5,18.75
S1797_0037,S1797,BPA,11,19.5
S1797_0038,S1797,ABA,10.5,19.75
S1797_0039,S1797,ABA,13.25,19.25
S1797_0040,S1797,TOC,13.5,18.75
S1797_0041,S1797,TOC,14,18.75
S1797_0042,S1797,TOC,14.75,19
S1797_0043,S1797,BPA,16.75,19.75
S1797_0044,S1797,ABA,17.5,19
S1797_0045,S1797,ABA,18.75,19.25
S1797_0046,S1797,ABA,18,17.5
S1797_0047,S1797,ABA,16.5,17.75
S1797_0048,S1797,TOC,15,19.5
S1797_0050,S1797,ABA,16.5,10.75
S1797_0051,S1797,ABA,19,10.5
S1797_0053,S1797,ABA,16,8.25
S1797_0054,S1797,TOC,10,8.75
S1797_0055,S1797,PGL,12,6.5
S1797_0056,S1797,ABA,11,5.5
S1797_0057,S1797,BPA,10.5,2.25
S1797_0058,S1797,ABA,7,4.5
S1797_0061,S1797,ABA,6,1.5
S1797_0062,S1797,ABA,7.25,1.75
S1797_0063,S1797,BPA,7.75,2
S1797_0064,S1797,TOC,10.5,3
S1797_0065,S1797,ABA,11.5,5
S1797_0066,S1797,ABA,14,6
S1797_0067,S1797,BPA,15.5,5.5
S1797_0069,S1797,BPA,13.25,3
S1797_0070,S1797,BPA,14.5,1
S1797_0072,S1797,BPA,16.75,0.5
S1797_0073,S1797,BPA,16.25,2.25
S1797_0074,S1797,TOC,17.5,2.75
S1797_0075,S1797,TOC,17.75,0.5
S1797_0076,S1797,ABA,19.25,1
S1797_0422,S1797,TOC,13.5,5.5
S1797_0460,S1797,TOC,6.5,1.75
S1797_0461,S1797,PTR,3.25,3.5
S1797_0462,S1797,ABA,0,0
S1797_0463,S1797,TOC,16.75,0
S1797_0464,S1797,ABA,19.75,1
S1797_0801,S1797,TOC,4.25,8.5
S1797_0803,S1797,TOC,6.5,2
S1797_0804,S1797,PGL,13.5,14
S1797_0805,S1797,TOC,15,15.5
S1797_0806,S1797,TOC,20,20
S1797_0807,S1797,TOC,15,20
S1797_0808,S1797,ABA,2,10.75
S1797_0809,S1797,TOC,9.75,13.5
S1797_0810,S1797,ABA,9.5,15
S1797_2865,S1797,PTR,5.25,0.25
S1797_2866,S1797,ABA,16,9.5
S1797_2867,S1797,PGL,7,10
S1797_2868,S1797,TOC,18,20
S1797_2869,S1797,ABA,7.5,20
S1797_2870,S1797,ABA,7.1,20
S1797_5819,S1797,PGL,6.5,3.5
S1797_5820,S1797,PGL,16.5,3
S1797_5824,S1797,ABA,13,13.5
S1823_0428,S1823,PTR,11.1,0.8
S1823_0429,S1823,PTR,14.15,4.1
S1823_0430,S1823,PTR,15,5.1
S1823_0431,S1823,PTR,18.2,9.65
S1823_0432,S1823,PTR,19.25,13.25
S1823_0433,S1823,PTR,17.55,10.5
S1823_0434,S1823,PTR,14.85,15.85
S1823_0435,S1823,TOC,17,16.65
S1823_0437,S1823,PTR,12.7,5.65
S1823_0438,S1823,PTR,9,8.7
S1823_0439,S1823,PGL,1.25,12
S1823_0440,S1823,ABA,4.5,18.5
S1823_0441,S1823,PTR,6,12.5
S1823_0442,S1823,TOC,1,3.15
S1823_0443,S1823,PTR,11.5,19.6
S1823_0444,S1823,ABA,19,9.5
S1823_0445,S1823,PTR,14.75,8.6
S1823_0446,S1823,PTR,14.65,5.65
S1823_0501,S1823,ABA,0,0
S1823_0502,S1823,ABA,0.8,0.85
S1823_0503,S1823,ABA,0.5,0.3
S1823_0504,S1823,ABA,1.1,1.6
S1823_0505,S1823,ABA,2.95,0.95
S1823_0506,S1823,ABA,0.85,2.75
S1823_0507,S1823,TOC,0.2,3.05
S1823_0508,S1823,ABA,2,2.75
S1823_0509,S1823,PGL,0.15,4.75
S1823_0510,S1823,TOC,1.5,5.25
S1823_0511,S1823,PTR,0.95,3.95
S1823_0512,S1823,BPA,3.6,4.3
S1823_0513,S1823,ABA,2,7.1
S1823_0514,S1823,ABA,2.5,6.75
S1823_0515,S1823,ABA,1.05,9.75
S1823_0516,S1823,ABA,4,7.7
S1823_0517,S1823,ABA,4.95,5.6
S1823_0518,S1823,PTR,6.3,4.3
S1823_0519,S1823,ABA,4.85,8.1
S1823_0520,S1823,PTR,6,8.85
S1823_0521,S1823,ABA,5.05,9.15
S1823_0522,S1823,ABA,5.25,9.15
S1823_0523,S1823,ABA,6.1,9.2
S1823_0524,S1823,ABA,6.75,11.15
S1823_0525,S1823,ABA,6.95,10.3
S1823_0526,S1823,ABA,7.1,9.95
S1823_0527,S1823,PTR,7.95,11
S1823_0528,S1823,ABA,7.05,11.95
S1823_0529,S1823,ABA,8.55,11.5
S1823_0530,S1823,ABA,8.5,10.3
S1823_0531,S1823,ABA,9.85,11.6
S1823_0532,S1823,ABA,8.1,9.05
S1823_0534,S1823,ABA,9.65,9.35
S1823_0535,S1823,ABA,9.85,9.25
S1823_0536,S1823,ABA,10,11.1
S1823_0537,S1823,PTR,7.55,8.1
S1823_0538,S1823,ABA,10,8.15
S1823_0539,S1823,PTR,6.85,6.75
S1823_0540,S1823,PTR,6.85,5.8
S1823_0541,S1823,PTR,7.9,6.05
S1823_0542,S1823,PTR,8.2,5.9
S1823_0543,S1823,ABA,8.8,13.05
S1823_0544,S1823,TOC,7.75,5
S1823_0545,S1823,TOC,7.1,5.25
S1823_0546,S1823,BPA,6.1,4.95
S1823_0547,S1823,TOC,6,5.25
S1823_0548,S1823,TOC,5.1,2.95
S1823_0549,S1823,ABA,6.6,2.6
S1823_0550,S1823,TOC,5,2.1
S1823_0551,S1823,TOC,4.95,0.95
S1823_0552,S1823,TOC,5.95,1.1
S1823_0553,S1823,TOC,8.85,0.6
S1823_0555,S1823,TOC,11.2,0.5
S1823_0556,S1823,TOC,11.45,0.6
S1823_0557,S1823,PTR,11.85,2.8
S1823_0558,S1823,PTR,12.8,2
S1823_0560,S1823,PTR,11.55,5.9
S1823_0562,S1823,PTR,12.95,5.75
S1823_0564,S1823,PTR,10,6.15
S1823_0565,S1823,PTR,11.85,8.25
S1823_0566,S1823,ABA,12.4,6.75
S1823_0570,S1823,PTR,10.7,5.15
S1823_0571,S1823,ABA,11.1,5.15
S1823_0572,S1823,PTR,13.75,5.4
S1823_0574,S1823,ABA,14.5,4
S1823_0575,S1823,ABA,15,2
S1823_0576,S1823,ABA,14.5,3.5
S1823_0577,S1823,ABA,15.25,0.15
S1823_0578,S1823,ABA,15.4,1.05
S1823_0579,S1823,ABA,17.65,1.15
S1823_0580,S1823,TOC,18,0
S1823_0581,S1823,ABA,17.15,3.6
S1823_0582,S1823,ABA,15.5,3.2
S1823_0583,S1823,PGL,18.85,4.7
S1823_0584,S1823,TOC,19,5.1
S1823_0586,S1823,TOC,19.8,5.05
S1823_0587,S1823,ABA,20,5.55
S1823_0588,S1823,ABA,20,6.75
S1823_0589,S1823,ABA,20,7.35
S1823_0590,S1823,ABA,20,4.85
S1823_0594,S1823,PTR,17.2,8.15
S1823_0595,S1823,PTR,15.95,11
S1823_0596,S1823,PTR,11.3,11.35
S1823_0598,S1823,ABA,NA,NA
S1823_0599,S1823,ABA,14,12.35
S1823_0600,S1823,ABA,4.95,12.95
S1823_0819,S1823,ABA,19,6
S1823_0820,S1823,ABA,16,16
S1823_0821,S1823,ABA,17,15
S1823_0822,S1823,ABA,10,10
S1823_0823,S1823,ABA,13.05,0.35
S1823_0824,S1823,ABA,1.5,18.5
S1823_0825,S1823,ABA,1.5,17.5
S1823_0826,S1823,PTR,0.5,19
S1823_0827,S1823,ABA,2.5,17.5
S1823_0828,S1823,ABA,6.95,12.15
S1823_0829,S1823,ABA,7.55,8.5
S1823_0830,S1823,ABA,1,11
S1823_0831,S1823,ABA,0.25,10
S1823_0832,S1823,ABA,1,12
S1823_0833,S1823,ABA,1,6
S1823_0834,S1823,ABA,2,4
S1823_0901,S1823,ABA,17.2,12.2
S1823_0903,S1823,TOC,15.75,12.2
S1823_0905,S1823,TOC,17.7,17.5
S1823_0906,S1823,ABA,16.5,14.8
S1823_0907,S1823,ABA,17.05,18.35
S1823_0908,S1823,TOC,17.1,18.3
S1823_0909,S1823,PTR,17.8,17.8
S1823_0910,S1823,ABA,19,11.1
S1823_0912,S1823,ABA,20,13.1
S1823_0913,S1823,ABA,17.9,14.1
S1823_0914,S1823,ABA,18,14
S1823_0915,S1823,ABA,7.95,19.9
S1823_0916,S1823,ABA,17.35,19.9
S1823_0917,S1823,ABA,16,14.75
S1823_0919,S1823,ABA,14.5,7.9
S1823_0921,S1823,ABA,14.2,13.5
S1823_0922,S1823,ABA,14,14.1
S1823_0923,S1823,ABA,15.3,13.15
S1823_0924,S1823,ABA,13.1,13
S1823_0925,S1823,PTR,12.3,12
S1823_0926,S1823,PTR,11.95,14.2
S1823_0927,S1823,PTR,11.5,13
S1823_0928,S1823,BPA,11.5,12.8
S1823_0929,S1823,ABA,10,13.5
S1823_0930,S1823,ABA,9.5,15.4
S1823_0931,S1823,ABA,9.25,15.85
S1823_0932,S1823,ABA,8.95,15
S1823_0933,S1823,ABA,8.75,15.55
S1823_0934,S1823,ABA,8.2,17
S1823_0935,S1823,ABA,8.5,13.65
S1823_0936,S1823,ABA,9.15,12.05
S1823_0937,S1823,ABA,6.7,13.65
S1823_0940,S1823,PTR,6,14.9
S1823_0942,S1823,PGL,2,14.3
S1823_0943,S1823,ABA,3.85,14.75
S1823_0944,S1823,ABA,3.3,15.25
S1823_0945,S1823,ABA,2.85,15.35
S1823_0946,S1823,ABA,2.6,14.35
S1823_0947,S1823,ABA,1.65,12.8
S1823_0948,S1823,ABA,1,12.8
S1823_0950,S1823,ABA,0.75,10.95
S1823_0951,S1823,PGL,0.7,14.15
S1823_0952,S1823,ABA,0,15.45
S1823_0953,S1823,TOC,0.45,16.1
S1823_0955,S1823,ABA,1.1,18
S1823_0956,S1823,ABA,0.65,19
S1823_0957,S1823,ABA,0,20
S1823_0958,S1823,TOC,3.65,20
S1823_0959,S1823,PTR,3,18.6
S1823_0961,S1823,ABA,7.5,19.15
S1823_0962,S1823,ABA,7.5,19.1
S1823_0963,S1823,ABA,7.8,17
S1823_0964,S1823,ABA,8.2,16.3
S1823_0965,S1823,TOC,10,18.3
S1823_0966,S1823,ABA,10.4,19.7
S1823_0967,S1823,ABA,10.4,20
S1823_0969,S1823,PTR,11,17.3
S1823_0971,S1823,ABA,11.8,15.75
S1823_0972,S1823,PTR,14.05,9.75
S1823_0973,S1823,ABA,16,7.35
S1823_0974,S1823,ABA,0,11.15
S1823_0977,S1823,ABA,17.5,17.6
S1823_0978,S1823,ABA,3.2,18
S1823_2801,S1823,ABA,18.35,9.05
S1823_2802,S1823,PTR,15,9.3
S1823_2803,S1823,ABA,15,5.7
S1823_2804,S1823,ABA,13.05,5.7
S1823_2805,S1823,ABA,14.5,6.7
S1823_2806,S1823,ABA,8,13.9
S1823_2807,S1823,ABA,14.9,10.2
S1823_2808,S1823,ABA,1.1,17.8
S1823_2809,S1823,ABA,2.8,14.2
S1823_2810,S1823,ABA,1.7,14.2
S1823_2811,S1823,ABA,0.9,14.2
S1823_2812,S1823,ABA,3.5,5.7
S1823_2813,S1823,ABA,4.8,5.7
S1823_2814,S1823,ABA,7,5.9
S1823_2815,S1823,ABA,9.4,2.1
S1823_2816,S1823,ABA,10.3,0.6
S1823_2817,S1823,TOC,11.6,0
S1823_2818,S1823,ABA,4.5,2.3
S1823_2819,S1823,ABA,3.6,2.3
S1823_2820,S1823,ABA,1.4,2.7
S1823_5501,S1823,ABA,1,12.5
S1823_5502,S1823,ABA,1,12.5
S1823_5503,S1823,ABA,2.5,15
S1823_5504,S1823,ABA,1.75,17.75
S1823_5505,S1823,ABA,0.5,18
S1823_5506,S1823,ABA,1,19.5
S1823_5507,S1823,ABA,3.75,16
S1823_5508,S1823,ABA,18.7,13.5
S1823_5509,S1823,ABA,18,9
S1823_5510,S1823,ABA,17.5,7
S1823_5511,S1823,ABA,19.75,6.5
S1823_5512,S1823,ABA,1.25,13.25
S1823_5513,S1823,ABA,2.75,7.25
S1823_5514,S1823,TOC,15.75,13.5
S1823_5515,S1823,ABA,2,14.5
S1823_5516,S1823,ABA,0.25,13.5
S1823_5517,S1823,ABA,0.75,13.25
S1823_5518,S1823,ABA,7.5,19.75
S1823_5519,S1823,ABA,3,6.5
S1823_5520,S1823,ABA,2.75,6.25
S1823_5521,S1823,ABA,2.5,6.5
S1823_5522,S1823,ABA,2,7.25
S1823_5523,S1823,PTR,5,7
S1823_5524,S1823,ABA,7.75,5.5
S1823_5525,S1823,ABA,6.75,5.25
S1823_5526,S1823,ABA,13,4.5
S1823_5527,S1823,ABA,16,6
S1823_5528,S1823,ABA,19.5,3.5
S1823_5529,S1823,ABA,1.5,5.5
S1823_5530,S1823,ABA,2.5,4.25
S1823_5531,S1823,ABA,3.5,4.25
S1823_5532,S1823,ABA,7.5,4.75
S1823_5533,S1823,ABA,2,1.5
S1823_5904,S1823,PGL,12.95,18.3
S1847_0009,S1847,ABA,4,1
S1847_0034,S1847,ABA,2,7
S1847_0035,S1847,PTR,4,15
S1847_0036,S1847,BPA,2,2
S1847_0037,S1847,ABA,2.5,4.2
S1847_0038,S1847,ABA,14,15
S1847_0039,S1847,ABA,8.25,8.75
S1847_0041,S1847,ABA,10.5,14
S1847_0043,S1847,ABA,15,11
S1847_0044,S1847,PTR,8.5,6.5
S1847_0048,S1847,BPA,11,19.75
S1847_0050,S1847,ABA,0.2,5
S1847_0053,S1847,ABA,5,11
S1847_0054,S1847,PTR,5,12
S1847_0055,S1847,ABA,16,0.75
S1847_0057,S1847,PTR,8.5,16
S1847_0058,S1847,ABA,1,9.9
S1847_0059,S1847,ABA,17,2.5
S1847_0062,S1847,PTR,5,17.5
S1847_0064,S1847,ABA,8.25,18.5
S1847_0066,S1847,PTR,15,9
S1847_0067,S1847,ABA,8.5,11
S1847_0074,S1847,ABA,8.5,10.5
S1847_0075,S1847,ABA,3,9
S1847_0077,S1847,PTR,4.75,1.75
S1847_0078,S1847,ABA,12.75,0.75
S1847_0081,S1847,ABA,17.25,0.5
S1847_0083,S1847,BPA,15.5,15
S1847_0084,S1847,ABA,8.5,1
S1847_0085,S1847,PTR,0.25,2.8
S1847_0086,S1847,PTR,12,10
S1847_0087,S1847,ABA,10.5,5
S1847_0089,S1847,ABA,1.5,8
S1847_0090,S1847,ABA,5.25,6.25
S1847_0092,S1847,PTR,18.75,9.75
S1847_0093,S1847,PTR,18.5,10
S1847_0096,S1847,ABA,4.5,12
S1847_0098,S1847,PTR,5,6
S1847_0308,S1847,ABA,7,4.5
S1847_0311,S1847,BPA,11,4.5
S1847_0315,S1847,ABA,0.5,2.5
S1847_0316,S1847,ABA,3,7.75
S1847_0317,S1847,ABA,2,12.5
S1847_0319,S1847,ABA,4,5.5
S1847_0320,S1847,ABA,5,6
S1847_0324,S1847,PTR,4,4.75
S1847_0325,S1847,ABA,14,15
S1847_0326,S1847,ABA,19,12.75
S1847_0327,S1847,ABA,15,15
S1847_0328,S1847,BPA,12.5,15
S1847_0329,S1847,BPA,16.5,7
S1847_0333,S1847,ABA,1.5,4.3
S1847_0339,S1847,BPA,17,17
S1847_0447,S1847,BPA,16.5,11
S1847_0542,S1847,PTR,16,6
S1847_0544,S1847,ABA,7,8
S1847_0545,S1847,ABA,9.5,2
S1847_0547,S1847,ABA,11,6
S1847_0553,S1847,ABA,11,6.5
S1847_0554,S1847,BPA,17,1
S1847_0555,S1847,BPA,6,1
S1847_0556,S1847,ABA,14,9.5
S1847_0558,S1847,ABA,14,15.5
S1847_0560,S1847,BPA,5,3.5
S1847_0561,S1847,PTR,8.5,16.5
S1847_0563,S1847,ABA,11.5,19
S1847_0564,S1847,ABA,6.5,5
S1847_0565,S1847,ABA,8.5,8.5
S1847_0566,S1847,ABA,16.5,2.5
S1847_0567,S1847,ABA,0.5,6
S1847_0568,S1847,PTR,14,4
S1847_0572,S1847,ABA,10.75,1
S1847_0573,S1847,PTR,0.5,10.25
S1847_0574,S1847,PGL,6,9
S1847_0575,S1847,ABA,4,6
S1847_0576,S1847,ABA,6.5,14.5
S1847_0577,S1847,ABA,14,16
S1847_0578,S1847,ABA,5.75,0.75
S1847_0581,S1847,ABA,4.5,7.5
S1847_0582,S1847,ABA,12.75,3.5
S1847_0583,S1847,ABA,6,3
S1847_0585,S1847,ABA,11,2
S1847_0586,S1847,ABA,19,17.75
S1847_0587,S1847,PTR,17.5,11.5
S1847_0590,S1847,PTR,5.8,20
S1847_0591,S1847,PTR,7.75,1
S1847_0596,S1847,ABA,0.75,15.5
S1847_0599,S1847,BPA,1.8,1.5
S1847_0729,S1847,ABA,1.5,12
S1847_0888,S1847,BPA,11,11
S1847_0891,S1847,ABA,9.5,15.5
S1847_0967,S1847,ABA,0.5,0.5
S1847_0968,S1847,ABA,4,1.5
S1847_0969,S1847,ABA,1,4
S1847_0970,S1847,PTR,1.5,6.7
S1847_0971,S1847,ABA,5,3
S1847_0972,S1847,ABA,5.5,3.5
S1847_0973,S1847,ABA,6,3.75
S1847_0974,S1847,ABA,6,5
S1847_0975,S1847,ABA,6.5,4
S1847_0977,S1847,ABA,10.5,4.75
S1847_0978,S1847,ABA,11.5,4.5
S1847_0979,S1847,ABA,11.75,5
S1847_0980,S1847,ABA,13.5,3.75
S1847_0981,S1847,ABA,13.75,3.5
S1847_0982,S1847,ABA,12,3
S1847_0983,S1847,ABA,16,0
S1847_0984,S1847,ABA,14.5,0.5
S1847_0985,S1847,ABA,15,10
S1847_0986,S1847,ABA,14.75,10.5
S1847_0987,S1847,ABA,15,13
S1847_0988,S1847,ABA,15,13.5
S1847_2848,S1847,ABA,2,2
S1847_2849,S1847,ABA,6,8
S1847_2850,S1847,ABA,6,9
S1847_2851,S1847,ABA,4.3,9
S1847_2852,S1847,ABA,3.1,0.5
S1847_2853,S1847,ABA,5.7,0.5
S1847_2854,S1847,ABA,10,12
S1847_2855,S1847,ABA,11,7
S1847_2856,S1847,ABA,10,2.5
S1847_4003,S1847,ABA,16,0.7
S1847_4006,S1847,ABA,11,6
S1847_4007,S1847,ABA,6.5,5
S1847_4008,S1847,ABA,6,5
S1847_4009,S1847,ABA,3.1,0.5
S1847_4010,S1847,ABA,5.7,0.5
S1847_4011,S1847,ABA,1.2,1
S1847_4012,S1847,ABA,0.3,7.4
S1847_4014,S1847,ABA,6.5,10
S1847_4016,S1847,ABA,7,10
S1847_4017,S1847,ABA,13,1.5
S1847_4019,S1847,ABA,7,10
S1847_5838,S1847,ABA,14.25,13
S1847_5839,S1847,PTR,11.5,5
S1847_5840,S1847,ABA,15,14.5
S1847_5841,S1847,ABA,1,3.5
S1847_5842,S1847,ABA,15.25,14.75
S1847_5844,S1847,ASP,20,4
S1847_5911,S1847,ABA,7,3.5
S1847_5912,S1847,ABA,5.5,3.25
S1847_5913,S1847,ABA,4.25,5.25
S1847_5914,S1847,ABA,4.75,5.25
S1847_5915,S1847,ABA,5,6
S1847_5916,S1847,ABA,5.5,5
S1847_5917,S1847,ABA,12,6
S1847_5918,S1847,ABA,13,5
S1847_5920,S1847,ABA,17,1
S1847_5921,S1847,ABA,4,1
S1847_5922,S1847,ABA,13,4.5
S1847_5923,S1847,ABA,16.5,1
S1847_5924,S1847,ABA,12.75,4.5
S1847_5925,S1847,ABA,2,2
S1847_5926,S1847,ABA,0.5,2.5
S1847_5929,S1847,ABA,16.75,0.25
S1870_0341,S1870,BPA,4,14
S1870_0344,S1870,PTR,7.25,12
S1870_0345,S1870,ABA,7,12.5
S1870_0346,S1870,ABA,8.5,12.5
S1870_0348,S1870,PTR,4.5,16.5
S1870_0349,S1870,ABA,10.5,17
S1870_0350,S1870,ABA,10.5,17.25
S1870_0351,S1870,ABA,11.5,16.75
S1870_0352,S1870,ABA,12.5,15
S1870_0353,S1870,PMA,12.5,13.25
S1870_0354,S1870,PTR,19.25,15.75
S1870_0355,S1870,ABA,18.75,16.5
S1870_0356,S1870,BPA,16.75,16.5
S1870_0357,S1870,ABA,17.5,18.25
S1870_0358,S1870,PTR,16.25,18
S1870_0359,S1870,BPA,15.75,16.5
S1870_0360,S1870,PTR,12.75,19.75
S1870_0361,S1870,PTR,12,19.75
S1870_0362,S1870,PTR,11.75,19.75
S1870_0363,S1870,ABA,11.25,19
S1870_0364,S1870,BPA,10.75,20
S1870_0365,S1870,PTR,10.5,19.25
S1870_0366,S1870,ABA,10,17.75
S1870_0367,S1870,BPA,8.25,18
S1870_0370,S1870,BPA,2.75,19.5
S1870_0426,S1870,PTR,5.75,18.25
S1870_0427,S1870,PTR,5.25,19.75
S1870_0465,S1870,PTR,19.25,11.25
S1870_0466,S1870,PGL,8,10.25
S1870_0467,S1870,ABA,7.5,10.5
S1870_0468,S1870,ABA,9,15.5
S1870_0469,S1870,PTR,7,5
S1870_0811,S1870,ABA,11,3
S1870_0812,S1870,ABA,7.5,1
S1870_0813,S1870,PTR,6.25,4.75
S1870_0814,S1870,PGL,6.75,10.75
S1870_0815,S1870,PTR,4.5,11.5
S1870_0843,S1870,PTR,20,0
S1870_0844,S1870,PGL,18.25,0.25
S1870_0845,S1870,ABA,17.5,0.5
S1870_0846,S1870,ABA,16.5,1
S1870_0847,S1870,PTR,19.75,5
S1870_0848,S1870,ABA,19.5,5.25
S1870_0849,S1870,BPA,12.75,2.25
S1870_0850,S1870,BPA,12.5,2.5
S1870_0851,S1870,BPA,12.25,2.5
S1870_0852,S1870,PGL,7.75,0.75
S1870_0853,S1870,ABA,4.25,1
S1870_0854,S1870,PGL,3.25,0
S1870_0855,S1870,PGL,2,1.25
S1870_0856,S1870,PGL,0.5,1.75
S1870_0857,S1870,ABA,18.5,1.75
S1870_0858,S1870,BPA,17.75,2
S1870_0859,S1870,BPA,17.5,2
S1870_0861,S1870,PGL,18.5,4.75
S1870_0862,S1870,PGL,18.25,6
S1870_0863,S1870,ABA,17.25,6.75
S1870_0864,S1870,BPA,16.25,6
S1870_0867,S1870,PGL,7.25,6.5
S1870_0868,S1870,PTR,5.5,5
S1870_0869,S1870,ABA,4.5,5.25
S1870_0870,S1870,BPA,3,8
S1870_0871,S1870,ABA,2,9.25
S1870_0872,S1870,ABA,5.25,9.25
S1870_0873,S1870,BPA,7,10.25
S1870_0874,S1870,PTR,8,10
S1870_0876,S1870,PTR,8,10.75
S1870_0877,S1870,PGL,10,8.5
S1870_0878,S1870,PTR,9,7
S1870_0879,S1870,ABA,11,9
S1870_0881,S1870,BPA,19,11.5
S1870_0882,S1870,BPA,19.5,11.75
S1870_0883,S1870,BPA,19,11.75
S1870_0884,S1870,BPA,19,11.75
S1870_0885,S1870,PTR,19,12.5
S1870_0887,S1870,PGL,17,14
S1870_0888,S1870,PGL,16,13
S1870_0889,S1870,PGL,14,12.75
S1870_0890,S1870,PMA,10.5,10.5
S1870_0892,S1870,PGL,13,11.75
S1870_0893,S1870,PMA,9.75,10
S1870_0894,S1870,BPA,9.5,11.5
S1870_0895,S1870,BPA,9.5,11.5
S1870_0897,S1870,ABA,2.5,11.25
S1870_0898,S1870,PGL,1.5,12
S1870_0899,S1870,ABA,1,12.5
S1870_0900,S1870,PGL,0.25,14.25
S1870_2871,S1870,ABA,15.75,8.8
S1870_2872,S1870,ABA,10,11
S1870_2873,S1870,ABA,13,13
S1870_2874,S1870,ABA,12,13
S1870_2875,S1870,ABA,11,13
S1870_2876,S1870,ABA,16,6
S1870_2877,S1870,ABA,19,3
S1870_2878,S1870,ABA,19,19
S1870_3536,S1870,PGL,17,13
S1870_4050,S1870,ABA,18,0
S1870_4051,S1870,ABA,19,2
S1870_4053,S1870,ABA,17,14
S1870_4054,S1870,ABA,17,14
S1870_4055,S1870,ABA,5,3
S1870_5826,S1870,PTR,17,3.25
S1870_5827,S1870,ABA,2,20
S1870_5829,S1870,ABA,9.25,11.5
S1870_5830,S1870,ABA,6.5,3
S1870_5831,S1870,ABA,13,10.25
S1870_5832,S1870,ABA,16,15
S1870_5833,S1870,ABA,14,13
S1870_5834,S1870,ABA,18.5,2
S1916_0014,S1916,ABA,-9.75,14.25
S1916_0018,S1916,PGL,-7.25,7.75
S1916_0026,S1916,PGL,-3.75,10.5
S1916_0057,S1916,PTR,-10,7.5
S1916_0064,S1916,PTR,-3,10.25
S1916_0096,S1916,ABA,-9,19
S1916_0097,S1916,PTR,-6.5,20
S1916_0101,S1916,ABA,NA,NA
S1916_0102,S1916,BPA,13.5,16.75
S1916_0103,S1916,ABA,12.85,15.55
S1916_0104,S1916,PGL,12.5,16.05
S1916_0105,S1916,ABA,12,19.9
S1916_0106,S1916,ABA,13.6,19.7
S1916_0107,S1916,BPA,13.65,19.4
S1916_0108,S1916,ABA,14.15,19.25
S1916_0109,S1916,ABA,15.75,19.2
S1916_0110,S1916,ABA,16.3,18.55
S1916_0111,S1916,BPA,16.1,17.45
S1916_0112,S1916,ABA,15.85,17.8
S1916_0113,S1916,ABA,15.4,16.35
S1916_0115,S1916,ABA,18,17.1
S1916_0116,S1916,ABA,19.05,16.9
S1916_0117,S1916,ABA,16.65,16.1
S1916_0118,S1916,ABA,19.45,15.1
S1916_0119,S1916,PTR,19.75,13.8
S1916_0120,S1916,PGL,16.85,12.05
S1916_0121,S1916,ABA,16.75,14.4
S1916_0122,S1916,BPA,15.15,14.05
S1916_0123,S1916,PGL,14.75,13.35
S1916_0124,S1916,BPA,13.3,12.85
S1916_0125,S1916,ABA,12.7,12.8
S1916_0126,S1916,PGL,10.35,12.1
S1916_0127,S1916,PTR,9.55,13.65
S1916_0128,S1916,PGL,0.5,9.7
S1916_0129,S1916,ABA,2.2,9.65
S1916_0130,S1916,ABA,0.25,11.1
S1916_0131,S1916,PGL,5.95,13.4
S1916_0132,S1916,PTR,7.25,12.85
S1916_0133,S1916,PTR,7,16.2
S1916_0134,S1916,ABA,8,16.5
S1916_0135,S1916,ABA,8.3,19.45
S1916_0136,S1916,ABA,7.5,19.3
S1916_0137,S1916,PGL,3.95,18.25
S1916_0138,S1916,ABA,2.5,18.95
S1916_0139,S1916,PTR,3.5,16.95
S1916_0141,S1916,ABA,2.7,14.2
S1916_0143,S1916,PGL,2.65,11.9
S1916_0144,S1916,PTR,2.55,12.95
S1916_0145,S1916,PTR,1.75,11.9
S1916_0146,S1916,BPA,0.7,12.1
S1916_0147,S1916,ABA,0.9,11.2
S1916_0148,S1916,ABA,5.05,17.95
S1916_0149,S1916,ABA,6,19.65
S1916_0150,S1916,ABA,6.9,19.45
S1916_0151,S1916,BPA,8.35,18.85
S1916_0152,S1916,ABA,8.75,17.75
S1916_0153,S1916,ABA,6.95,17.15
S1916_0154,S1916,PTR,6.2,16.1
S1916_0155,S1916,ABA,4.7,15.25
S1916_0156,S1916,ABA,-8.25,3
S1916_0157,S1916,ABA,5.25,16.05
S1916_0158,S1916,PTR,7,14.5
S1916_0159,S1916,ABA,6.6,12.85
S1916_0160,S1916,ABA,6.6,12.15
S1916_0162,S1916,ABA,8.35,8.7
S1916_0163,S1916,BPA,6.45,9.05
S1916_0164,S1916,PGL,4.2,8.9
S1916_0165,S1916,ABA,4,9.5
S1916_0166,S1916,PGL,6.3,8.45
S1916_0167,S1916,PGL,7,7.95
S1916_0168,S1916,BPA,10.55,5.7
S1916_0169,S1916,ABA,7.45,10.3
S1916_0170,S1916,BPA,10.75,8.45
S1916_0171,S1916,BPA,10.65,7.65
S1916_0172a,S1916,ABA,10.15,6.25
S1916_0172b,S1916,ABA,-6,16.75
S1916_0173,S1916,ABA,8.55,5
S1916_0174,S1916,PGL,10,4.9
S1916_0175,S1916,BPA,10.65,3.55
S1916_0176,S1916,BPA,10.9,3.95
S1916_0178,S1916,ABA,12,1.4
S1916_0179a,S1916,PGL,5.3,6.7
S1916_0179b,S1916,PTR,-5,8
S1916_0182,S1916,ABA,0.95,7.55
S1916_0183,S1916,ABA,2.65,6.1
S1916_0184,S1916,BPA,0.25,6.05
S1916_0185,S1916,PGL,1.45,3.95
S1916_0186,S1916,ABA,1.5,4.4
S1916_0187,S1916,PGL,1.35,5.9
S1916_0188,S1916,ABA,3.15,5.6
S1916_0189,S1916,ABA,5,4.55
S1916_0190,S1916,ABA,3.9,3.4
S1916_0192,S1916,BPA,6,0.9
S1916_0193,S1916,BPA,5.75,1.8
S1916_0194,S1916,BPA,5,1.15
S1916_0195,S1916,ABA,4.1,2
S1916_0197a,S1916,ABA,2.85,1.8
S1916_0197b,S1916,BPA,-5.75,16.75
S1916_0198,S1916,ABA,3.1,2
S1916_0200,S1916,ABA,0,0
S1916_0202,S1916,ABA,-0.5,2.75
S1916_0206,S1916,PTR,-0.25,12.25
S1916_0223,S1916,BPA,-8.25,2.75
S1916_0226,S1916,BPA,-2,3.25
S1916_0229,S1916,ABA,-3,15.5
S1916_0243,S1916,PTR,-4.25,6
S1916_0270,S1916,ABA,-5.25,1.5
S1916_0277,S1916,ABA,-7.5,14.75
S1916_0280,S1916,ABA,-3,8
S1916_0283,S1916,ABA,-0.5,0.5
S1916_0293a,S1916,ABA,-4,10
S1916_0293b,S1916,PGL,-8.8,7.1
S1916_0294,S1916,PTR,-7.75,6
S1916_0295,S1916,PGL,-8,12.75
S1916_0296,S1916,ABA,-7.5,11
S1916_0297a,S1916,PGL,-10,12.5
S1916_0297b,S1916,ABA,-2,6.5
S1916_0298,S1916,PTR,-4,5.25
S1916_0298b,S1916,PTR,15.8,4.85
S1916_0299,S1916,ABA,17,5.3
S1916_0300,S1916,PTR,18.05,18
S1916_0307,S1916,PTR,-8.75,14.25
S1916_0342,S1916,BPA,-4,13
S1916_0346,S1916,PTR,-5.25,8
S1916_0355,S1916,BPA,-1,5
S1916_0368,S1916,ABA,-9.5,17.5
S1916_0386,S1916,BPA,-4.25,19.25
S1916_0401,S1916,ABA,-10,15.6
S1916_0402,S1916,ABA,-5.7,19.75
S1916_0403,S1916,BPA,-0.25,14.25
S1916_0404,S1916,ABA,-3.25,6
S1916_0404a,S1916,ABA,8.5,5
S1916_0405,S1916,ABA,19.4,4.5
S1916_0406a,S1916,ABA,8.5,5
S1916_0406b,S1916,ABA,-0.75,7
S1916_0407,S1916,ABA,14.9,19.5
S1916_0408,S1916,ABA,12.5,16.6
S1916_0409,S1916,ABA,18.1,18.3
S1916_0419,S1916,ABA,-5,16.5
S1916_0442,S1916,ABA,-7.25,9.75
S1916_0453,S1916,PTR,-3,6.25
S1916_0459,S1916,PTR,-2,9.25
S1916_0464,S1916,ABA,-1.25,12.25
S1916_0467,S1916,ABA,-7.5,11
S1916_0469,S1916,ABA,-8,11
S1916_0472,S1916,BPA,-9.25,16.25
S1916_0482,S1916,PTR,-2.25,17.25
S1916_0483a,S1916,ABA,-1.25,1.5
S1916_0483b,S1916,ABA,-2.5,4.25
S1916_0516,S1916,BPA,-6.75,2.25
S1916_0526,S1916,PGL,-7.5,9.5
S1916_0537,S1916,BPA,-7.5,14.5
S1916_0542,S1916,ABA,-7,18.75
S1916_0548,S1916,ABA,-9.5,13.75
S1916_0549,S1916,ABA,-5.5,4.25
S1916_0551,S1916,ABA,7.45,0.1
S1916_0552,S1916,BPA,13,0.2
S1916_0553,S1916,BPA,13.75,1.65
S1916_0554,S1916,BPA,14.15,0
S1916_0555,S1916,BPA,15.95,0.95
S1916_0556,S1916,BPA,19.55,2
S1916_0557a,S1916,ABA,-2.75,16.25
S1916_0557b,S1916,PTR,-0.5,5.75
S1916_0559,S1916,ABA,16.75,5.3
S1916_0560,S1916,PTR,16.5,5.5
S1916_0560a,S1916,PTR,6.75,11.5
S1916_0562,S1916,ABA,14.45,4
S1916_0564,S1916,PGL,12.3,4.95
S1916_0565,S1916,BPA,12.45,5.3
S1916_0566,S1916,BPA,12.45,5.85
S1916_0567,S1916,ABA,12.35,6.15
S1916_0568,S1916,ABA,13.1,6.8
S1916_0569,S1916,PGL,12.45,7
S1916_0570,S1916,ABA,12.65,7.15
S1916_0571,S1916,ABA,13.4,7.95
S1916_0572,S1916,ABA,12.05,8.95
S1916_0573,S1916,BPA,14.45,10.1
S1916_0575,S1916,BPA,16.9,10.45
S1916_0576,S1916,BPA,14.1,11.25
S1916_0577,S1916,BPA,13.05,11.15
S1916_0578,S1916,ABA,3,3.05
S1916_0584,S1916,ABA,-8.25,15.25
S1916_0595,S1916,PTR,-4.75,9
S1916_0596,S1916,BPA,-0.75,1.25
S1916_0620,S1916,PTR,-7.5,6.75
S1916_0621,S1916,ABA,0,10.5
S1916_0623,S1916,ABA,-8,15.5
S1916_0627,S1916,PGL,-3.75,5.25
S1916_0633,S1916,ABA,-7.75,7.75
S1916_0641,S1916,ABA,-6.5,1.5
S1916_0643,S1916,ABA,-5,1.75
S1916_0650,S1916,ABA,-2.75,5.75
S1916_0653,S1916,ABA,-3,4.75
S1916_0723,S1916,PTR,-8.5,3.75
S1916_0763,S1916,ABA,-6.25,1.5
S1916_0795,S1916,BPA,-7.25,0
S1916_0816,S1916,PGL,-7.5,7.75
S1916_0818,S1916,ABA,-7.5,13
S1916_0829,S1916,ABA,-1,6.5
S1916_0835,S1916,ABA,-5.5,9
S1916_0836,S1916,ABA,-5.75,9.25
S1916_0837,S1916,PGL,-4,14
S1916_0838,S1916,PGL,1.5,2
S1916_0839,S1916,ABA,1,3
S1916_0840,S1916,PGL,2,14
S1916_0841,S1916,ABA,13,16
S1916_0842,S1916,ABA,13.5,15.5
S1916_0843,S1916,ABA,16,14.5
S1916_0844,S1916,ABA,15.15,10.35
S1916_0845,S1916,PGL,12.2,4.95
S1916_0846a,S1916,ABA,10.85,3.25
S1916_0846b,S1916,PTR,-0.5,5
S1916_0847,S1916,ABA,-0.25,0.25
S1916_0847b,S1916,PTR,17,6
S1916_0848,S1916,ABA,15.5,18
S1916_0849,S1916,ABA,-0.25,6.75
S1916_0849b,S1916,ABA,17,20
S1916_0851,S1916,ABA,-7,6
S1916_0853,S1916,PTR,-3,6.25
S1916_0859,S1916,BPA,-8.75,1.5
S1916_0903,S1916,ABA,-8.5,8.5
S1916_0907,S1916,PGL,-7.25,15
S1916_0911,S1916,BPA,-5.5,8.5
S1916_0913,S1916,PTR,-5.25,19.75
S1916_0920,S1916,PGL,-8.25,3
S1916_0921,S1916,PGL,-7.75,5
S1916_0922,S1916,ABA,-2.5,14
S1916_0936,S1916,ABA,-2.75,8.5
S1916_0982,S1916,ABA,-5,19
S1916_0994,S1916,BPA,-3.25,0
S1916_0998,S1916,ABA,-1.25,7.5
S1916_2821,S1916,ABA,16.4,2.3
S1916_2822,S1916,PGL,9,4.6
S1916_2823,S1916,PTR,1,8.2
S1916_2824,S1916,ABA,18.4,3.6
S1916_2825,S1916,ABA,7.2,15
S1916_2826,S1916,ABA,6.5,16.2
S1916_2827,S1916,ABA,11.2,13
S1916_2828,S1916,PGL,-0.25,14.25
S1916_2829,S1916,ABA,11.5,13
S1916_2830,S1916,ABA,17.5,17.8
S1916_2831,S1916,ABA,15,19
S1916_2832,S1916,ABA,14.5,18.5
S1916_2833,S1916,ABA,16,20
S1916_2834,S1916,ABA,15,18.5
S1916_2835,S1916,ABA,10,18
S1916_2836,S1916,ABA,10,18.5
S1916_2837,S1916,ABA,4.6,17
S1916_2838,S1916,ABA,4,17
S1916_2839,S1916,ABA,13.7,1.4
S1916_2840,S1916,ABA,-5.5,4
S1916_2841,S1916,ABA,19.8,9.5
S1916_2842,S1916,PGL,19.8,9.6
S1916_2843,S1916,ABA,NA,NA
S1916_2844,S1916,ABA,-4.6,15
S1916_2845,S1916,ABA,-1,10
S1916_2847,S1916,ABA,-1.5,15.3
S1916_3317,S1916,PTR,-9.75,3.25
S1916_3318,S1916,ABA,-8.25,4.75
S1916_3319,S1916,ABA,-2,0.75
S1916_3324,S1916,PGL,-8,2.5
S1916_3325,S1916,ABA,-5.5,4
S1916_3329,S1916,PGL,-3,15.75
S1916_3330,S1916,PTR,-3,11
S1916_3331a,S1916,ABA,-7,7.25
S1916_3331b,S1916,ABA,-8,9
S1916_3332,S1916,PGL,-8,9
S1916_3341,S1916,PGL,-4.75,18.5
S1916_3528,S1916,ABA,-1.75,19.75
S1916_3547,S1916,PGL,-0.5,14.5
S1916_3548,S1916,ABA,-1,18
S1916_3549,S1916,PGL,5.4,14.55
S1916_3550,S1916,PGL,0.05,15.15
S1916_3551,S1916,ABA,0.25,2
S1916_3552,S1916,ABA,-1,6.25
S1916_3553,S1916,PGL,-1,7
S1916_3554,S1916,ABA,2.5,4.7
S1916_3555,S1916,ABA,3.5,6.9
S1916_3556,S1916,ABA,5,2.05
S1916_3557,S1916,ABA,3.7,0
S1916_5836,S1916,PGL,2,17.1
S1916_5837,S1916,ABA,4.6,1.8
S1916_5846,S1916,ABA,-8.25,0.25
S1916_5847,S1916,ABA,-9,12
S1916_5848,S1916,ABA,-7.75,19.5
S1916_5849,S1916,ABA,-5.5,19.5
S1916_5850,S1916,ABA,-4,13
S1916_5851,S1916,PGL,-1.25,10.5
S1916_5852,S1916,ABA,1.75,16.5
S1916_5853,S1916,ABA,0.5,19.25
S1916_5854,S1916,ABA,3,19.5
S1916_5855,S1916,ABA,7,16
S1916_5856,S1916,ABA,5.5,14
S1916_5857,S1916,ABA,14.5,0.5
S1916_5858,S1916,ABA,12,13
S1916_5859,S1916,ABA,9,17
S1916_5860,S1916,ABA,9,18
S1916_5861,S1916,ABA,17,16
S1944_0387,S1944,PTR,6.5,2.25
S1944_0388,S1944,PTR,2.5,4.5
S1944_0395,S1944,PTR,0.75,2.75
S1944_0397,S1944,PTR,2.5,2.75
S1944_0413,S1944,PTR,14.75,15.5
S1944_0416,S1944,PTR,7.75,17
S1944_0417,S1944,PTR,4,9.25
S1944_0418,S1944,PTR,5.25,9.5
S1944_0419,S1944,ABA,1.7,11.9
S1944_0420,S1944,ABA,12.75,13.25
S1944_0421,S1944,ABA,3.5,1.7
S1944_0448,S1944,PTR,10.5,7
S1944_0449,S1944,ABA,12,11.75
S1944_0450,S1944,PTR,7.75,7
S1944_0452,S1944,PTR,1.5,19
S1944_0453,S1944,PTR,9,17.25
S1944_0454,S1944,PTR,19.5,16.25
S1944_0455,S1944,PTR,19,15
S1944_0456,S1944,PTR,8.5,1
S1944_0457,S1944,PTR,9.5,1.25
S1944_0715,S1944,PTR,1.5,1.75
S1944_0716,S1944,PTR,1.5,2.75
S1944_0718,S1944,PTR,0.75,4.25
S1944_0719,S1944,PTR,1,5
S1944_0722,S1944,PTR,0.5,7.75
S1944_0723,S1944,PTR,2,10.25
S1944_0724,S1944,PTR,0.25,10.75
S1944_0725,S1944,PTR,0.25,12.5
S1944_0726,S1944,PTR,0,18.5
S1944_0728,S1944,PTR,0.75,20
S1944_0729,S1944,PTR,3,13.75
S1944_0730,S1944,BPA,2,13.25
S1944_0731,S1944,BPA,2,13.25
S1944_0732,S1944,BPA,2,13.25
S1944_0733,S1944,BPA,2,13
S1944_0734,S1944,PTR,2.75,13
S1944_0735,S1944,PTR,2.75,10
S1944_0736,S1944,BPA,2.75,9.5
S1944_0739,S1944,PTR,5.25,10
S1944_0740,S1944,PTR,4.5,6
S1944_0743,S1944,PTR,5,1.75
S1944_0745,S1944,PTR,6.5,3
S1944_0746,S1944,PTR,6.5,4
S1944_0747,S1944,BPA,7.5,5.25
S1944_0748,S1944,BPA,7.5,5.5
S1944_0750,S1944,PTR,8,8.75
S1944_0751,S1944,BPA,9,10
S1944_0752,S1944,BPA,8,11
S1944_0753,S1944,BPA,9,11.5
S1944_0754,S1944,BPA,8.75,11.5
S1944_0755,S1944,BPA,8.75,11.5
S1944_0756,S1944,BPA,10.5,11.5
S1944_0757,S1944,BPA,9.25,16
S1944_0758,S1944,BPA,8.25,16
S1944_0759,S1944,BPA,8.25,16.25
S1944_0760,S1944,BPA,8.25,16.25
S1944_0761,S1944,BPA,8.25,16
S1944_0763,S1944,BPA,12.5,19
S1944_0764,S1944,BPA,12.5,19
S1944_0765,S1944,BPA,12.5,19.25
S1944_0766,S1944,PTR,13.75,15.5
S1944_0768,S1944,BPA,11.25,12.75
S1944_0769,S1944,BPA,11.25,12.5
S1944_0770,S1944,BPA,11.5,12.5
S1944_0771,S1944,BPA,11.75,12.75
S1944_0772,S1944,BPA,13.5,12
S1944_0773,S1944,ABA,13.25,11.75
S1944_0775,S1944,PTR,13,13.25
S1944_0776,S1944,BPA,14,10.25
S1944_0777,S1944,PTR,14.25,13
S1944_0778,S1944,PTR,14,9.25
S1944_0780,S1944,PTR,11,6.75
S1944_0784,S1944,PTR,11,6
S1944_0785,S1944,PTR,11,3.5
S1944_0786,S1944,BPA,10,3
S1944_0787,S1944,BPA,10,3
S1944_0790,S1944,PTR,8.25,1
S1944_0791,S1944,PTR,9,0.75
S1944_0792,S1944,PTR,12.25,2
S1944_0793,S1944,BPA,11.5,1.25
S1944_0794,S1944,BPA,11.5,1.25
S1944_0795,S1944,BPA,11.75,1.25
S1944_0796,S1944,PTR,12,1
S1944_0797,S1944,BPA,14.25,1.5
S1944_0798,S1944,PTR,13.5,4
S1944_0799,S1944,PTR,13.75,5
S1944_0801,S1944,PTR,14.5,4.75
S1944_0802,S1944,BPA,15.5,2.5
S1944_0804,S1944,BPA,18.25,0
S1944_0805,S1944,PTR,19,0.5
S1944_0806,S1944,PTR,19.5,1.25
S1944_0807,S1944,PTR,17,2.5
S1944_0808,S1944,PTR,19.5,3.25
S1944_0809,S1944,PTR,19.5,4.5
S1944_0810,S1944,PTR,18,4.75
S1944_0811,S1944,PTR,15.25,7
S1944_0812,S1944,BPA,18,7.5
S1944_0813,S1944,PTR,18.25,8
S1944_0814,S1944,PTR,18.25,6.75
S1944_0815,S1944,PTR,19.75,6.75
S1944_0816,S1944,PTR,19,8.5
S1944_0818,S1944,PTR,19.5,10.75
S1944_0819,S1944,BPA,19,9.75
S1944_0820,S1944,PTR,15.75,10.5
S1944_0822,S1944,PTR,14,14.75
S1944_0826,S1944,PTR,18,14.75
S1944_0827,S1944,PTR,17.75,17.75
S1944_0829,S1944,PTR,19.75,14.25
S1944_0832,S1944,PTR,17.75,18
S1944_0833,S1944,PTR,20,19.75
S1944_0834,S1944,BPA,17.5,18.75
S1944_0835,S1944,BPA,17.5,18.5
S1944_0836,S1944,BPA,17.5,16.25
S1944_0837,S1944,BPA,17,16
S1944_0838,S1944,PTR,15.75,16
S1944_0840,S1944,BPA,10,8.5
S1944_0957,S1944,PTR,10,6
S1944_0989,S1944,PTR,17.5,2.5
S1944_0990,S1944,PTR,11,5
S1944_0991,S1944,PTR,14.5,4.75
S1944_0992,S1944,ABA,0.25,12
S1944_0993,S1944,PTR,18.5,14
S1944_2857,S1944,ABA,1,1
S1944_2858,S1944,PTR,9,4
S1944_2859,S1944,PTR,11.5,4.5
S1944_2860,S1944,PTR,15,12
S1944_2861,S1944,ABA,1,8
S1944_2862,S1944,PTR,19.75,9.5
S1944_2863,S1944,PTR,15.5,14.5
S1944_2864,S1944,PTR,14.25,15
S1944_4018,S1944,ABA,18,NA
S1944_4019,S1944,PTR,2.5,7
S1944_5652,S1944,BPA,19,14
S1964_0074,S1964,PTR,4,11.25
S1964_0076,S1964,PTR,0.25,11
S1964_0077,S1964,PTR,1.25,9.75
S1964_0078,S1964,PTR,1,10.5
S1964_0079,S1964,PTR,1,10.5
S1964_0098,S1964,PTR,19,9.75
S1964_0154,S1964,PTR,12.5,13.75
S1964_0156,S1964,PTR,3.5,10.75
S1964_0160,S1964,PTR,15,9.5
S1964_0163,S1964,PTR,10.75,14.75
S1964_0168,S1964,PTR,13,10
S1964_0170,S1964,POBA,3,6
S1964_0171,S1964,POBA,15,14
S1964_0176,S1964,PTR,15,11
S1964_0180,S1964,BPA,6.5,14.5
S1964_0181,S1964,ALN,14.5,0.75
S1964_0183,S1964,SALIX,13.75,16.25
S1964_0190,S1964,PTR,12.75,13.5
S1964_0193,S1964,PTR,0,6
S1964_0194,S1964,PTR,4.5,11.5
S1964_0198,S1964,PTR,13.75,14.75
S1964_0199,S1964,PTR,13.75,15.5
S1964_0231,S1964,ALN,15,15
S1964_0277,S1964,PTR,0.75,8.5
S1964_0278,S1964,PTR,9,4.5
S1964_0296,S1964,PTR,2.75,12.5
S1964_0299,S1964,POBA,14.5,13.25
S1964_0371,S1964,PTR,15,7.5
S1964_0372,S1964,PTR,15.5,10.5
S1964_0373,S1964,PTR,15,10.5
S1964_0374,S1964,PTR,15.5,9.25
S1964_0375,S1964,PTR,14.75,8.25
S1964_0376,S1964,POBA,15.5,7.75
S1964_0377,S1964,PTR,13.5,5
S1964_0378,S1964,PTR,14,4
S1964_0379,S1964,PTR,13.75,4
S1964_0380,S1964,PTR,13.5,4.25
S1964_0381,S1964,PTR,14.75,3
S1964_0382,S1964,PTR,14.25,0
S1964_0383,S1964,PTR,11.5,0
S1964_0385,S1964,PTR,11,0.5
S1964_0386,S1964,PTR,11,0.5
S1964_0387,S1964,PTR,10.75,2
S1964_0388,S1964,PTR,11,2.5
S1964_0389,S1964,PTR,11.75,3.5
S1964_0390,S1964,PTR,11.5,4
S1964_0391,S1964,PTR,11,3
S1964_0392,S1964,PTR,11.5,4
S1964_0393,S1964,PTR,11.5,5
S1964_0395,S1964,PTR,12.5,6.25
S1964_0396,S1964,PTR,12.75,6.5
S1964_0398,S1964,POBA,13.5,7
S1964_0399,S1964,PTR,12.75,6.75
S1964_0400,S1964,PTR,12.75,6.5
S1964_0470,S1964,PTR,7.5,13
S1964_0471,S1964,PTR,13,16
S1964_0472,S1964,PTR,13.75,16.25
S1964_0473,S1964,PTR,12.75,13
S1964_0474,S1964,PTR,19.25,5
S1964_0475,S1964,PTR,20,4.5
S1964_0476,S1964,PTR,10,10.25
S1964_0477,S1964,PTR,3.5,16
S1964_0478,S1964,PTR,11.5,0
S1964_0479,S1964,PTR,10.5,4
S1964_0480a,S1964,PTR,19.25,10
S1964_0480b,S1964,PTR,9.75,19.5
S1964_0618,S1964,SALIX,14.5,15.25
S1964_0701,S1964,PTR,8.5,2.75
S1964_0702,S1964,PTR,7.25,2.5
S1964_0703a,S1964,PTR,8.25,2.5
S1964_0703b,S1964,POBA,1,7
S1964_0704,S1964,PTR,18,8.5
S1964_0705a,S1964,POBA,3.75,7.5
S1964_0705b,S1964,PTR,6,1.25
S1964_0706a,S1964,POBA,16,19
S1964_0706b,S1964,PTR,10.75,14.75
S1964_0707a,S1964,SALIX,18.29,17.75
S1964_0707b,S1964,PTR,1.5,12.25
S1964_0708,S1964,PTR,4.5,10
S1964_0709,S1964,PTR,7,10
S1964_0710,S1964,SALIX,14.75,16.75
S1964_0711a,S1964,PTR,10.5,9
S1964_0711b,S1964,POBA,10,18
S1964_0712a,S1964,ALN,10.5,5
S1964_0712b,S1964,SALIX,18,18
S1964_0713,S1964,POBA,9,17.5
S1964_0714,S1964,SALIX,14.75,16.75
S1964_0715a,S1964,POBA,17.25,17.5
S1964_0715b,S1964,PTR,11.75,12.5
S1964_0716,S1964,SALIX,18.25,17.5
S1964_0717,S1964,POBA,8.25,18.25
S1964_0718a,S1964,ALN,8.5,6.5
S1964_0718b,S1964,POBA,13.5,18.5
S1964_0719,S1964,PTR,3,5
S1964_0720,S1964,POBA,1.75,8.5
S1964_0721,S1964,POBA,16.75,19.5
S1964_0722,S1964,SALIX,18.25,17.5
S1964_0723a,S1964,SALIX,14.5,16.25
S1964_0723b,S1964,PTR,13,15.75
S1964_0724,S1964,POBA,8.25,15.75
S1964_0725a,S1964,PTR,8.5,4
S1964_0725b,S1964,PTR,8.5,0.5
S1964_0726a,S1964,SALIX,18.25,20
S1964_0726b,S1964,PTR,2,9.75
S1964_0727,S1964,PTR,13.25,16.25
S1964_0728a,S1964,POBA,12.75,19
S1964_0728b,S1964,POBA,9,10.5
S1964_0730,S1964,SALIX,18.5,19.75
S1964_0731a,S1964,PTR,4,4.5
S1964_0731b,S1964,POBA,17,13.5
S1964_0732a,S1964,SALIX,15.5,18
S1964_0732b,S1964,PTR,11.5,13
S1964_0733,S1964,SALIX,14.75,16.75
S1964_0734,S1964,POBA,14.5,18.75
S1964_0735,S1964,PTR,10.5,1.5
S1964_0736,S1964,PTR,2,12.5
S1964_0737a,S1964,SALIX,13.75,16
S1964_0737b,S1964,SALIX,15,15.75
S1964_0738a,S1964,PTR,10.5,1.25
S1964_0738b,S1964,ALN,19.5,13
S1964_0739,S1964,POBA,9.5,19.75
S1964_0740a,S1964,POBA,14,10
S1964_0740b,S1964,POBA,3.75,18
S1964_0741,S1964,SALIX,15.5,18
S1964_0742,S1964,POBA,10.75,19
S1964_0743,S1964,POBA,9.5,2
S1964_0744a,S1964,SALIX,14.75,16.75
S1964_0744b,S1964,PTR,9,4.5
S1964_0745,S1964,PTR,3.75,3
S1964_0747,S1964,PTR,7,4.5
S1964_0748,S1964,POBA,15.75,17.75
S1964_0749,S1964,PTR,5.5,3.5
S1964_0752,S1964,PTR,1.5,4.5
S1964_0753,S1964,POBA,2.25,17.25
S1964_0754,S1964,POBA,6,19.25
S1964_0755,S1964,POBA,10,18
S1964_0756,S1964,PTR,7.25,4.5
S1964_0757,S1964,SALIX,18,19.5
S1964_0758,S1964,PTR,7.25,2.5
S1964_0759a,S1964,POBA,1,3.75
S1964_0759b,S1964,SALIX,18.25,19.5
S1964_0760,S1964,POBA,5,18
S1964_0761,S1964,POBA,3.75,18
S1964_0762,S1964,PTR,10.5,4
S1964_0763,S1964,ALN,16,11.25
S1964_0764,S1964,PTR,4.5,5
S1964_0765,S1964,POBA,4,4.25
S1964_0767,S1964,PTR,8,3
S1964_0768,S1964,PTR,6.75,2.5
S1964_0769,S1964,ALN,16,16.5
S1964_0771,S1964,PTR,9.5,18.25
S1964_0772,S1964,PTR,3.75,3
S1964_0773,S1964,POBA,2,0.25
S1964_0774,S1964,POBA,2.25,19.75
S1964_0775,S1964,PTR,7,4.5
S1964_0776a,S1964,POBA,16.25,16.5
S1964_0776b,S1964,PTR,8.5,2.5
S1964_0777,S1964,ALN,19,1.25
S1964_0780,S1964,POBA,4.25,0.25
S1964_0781,S1964,PTR,16,9.5
S1964_0782,S1964,ALN,16.5,9.25
S1964_0783,S1964,ALN,18.5,2.25
S1964_0784,S1964,POBA,18,12
S1964_0785,S1964,POBA,17,10.25
S1964_0786,S1964,POBA,17.5,20
S1964_0789,S1964,PTR,4.5,5
S1964_0790,S1964,POBA,6,19.25
S1964_0791,S1964,POBA,2.25,17.25
S1964_0792,S1964,ALN,1,17.75
S1964_0793,S1964,POBA,7,18.75
S1964_0794,S1964,PTR,8.5,4
S1964_0796,S1964,POBA,3,17
S1964_0798,S1964,ALN,1,17.75
S1964_0799,S1964,PTR,8.25,3
S1964_0800,S1964,PTR,8.5,0.5
S1964_0801,S1964,ALN,20,14.25
S1964_0802,S1964,ALN,14.5,0.75
S1964_0804,S1964,PTR,9,4.5
S1964_0806,S1964,PTR,10,12.5
S1964_0809,S1964,PTR,3.25,6.5
S1964_0811,S1964,PTR,16,11.5
S1964_0812,S1964,ALN,20,14.5
S1964_0813,S1964,POBA,5.5,9.75
S1964_0816,S1964,PTR,4,6.5
S1964_0817,S1964,POBA,19.75,15.5
S1964_0820,S1964,POBA,17.5,15.5
S1964_0821,S1964,PTR,13,12
S1964_0826,S1964,PTR,8,5
S1964_0827,S1964,PTR,7,7
S1964_0828,S1964,PTR,6.5,12.5
S1964_0832,S1964,PTR,3.5,16
S1964_0836,S1964,PTR,8,9.75
S1964_0839,S1964,PTR,12.5,9.75
S1964_0840,S1964,ALN,14.5,0.75
S1964_0841,S1964,PTR,12.75,9.5
S1964_0843,S1964,PTR,2,7.5
S1964_0845,S1964,PTR,8,6.25
S1964_0847,S1964,PTR,5.5,7.25
S1964_0849,S1964,PTR,2,6.25
S1964_0850,S1964,PTR,9.25,12.5
S1964_0851,S1964,ALN,17.5,11.5
S1964_0853,S1964,PTR,5,9.75
S1964_0856,S1964,PTR,11,9
S1964_0861,S1964,PTR,8,9.75
S1964_0862a,S1964,PTR,13.75,9
S1964_0862b,S1964,PTR,13.25,9.25
S1964_0863,S1964,SALIX,13.75,16
S1964_0865,S1964,ALN,8.5,5.5
S1964_0875a,S1964,PTR,11,15.25
S1964_0875b,S1964,PTR,13.25,9.25
S1964_0878,S1964,POBA,16,14
S1964_0880,S1964,PTR,3.5,7.5
S1964_0886,S1964,POBA,6.75,13.5
S1964_0889,S1964,POBA,11.5,14.75
S1964_0890,S1964,PTR,12.5,13.5
S1964_0893,S1964,POBA,15.5,14
S1964_0894,S1964,PTR,4,7
S1964_0899,S1964,PTR,8,10
S1964_0901,S1964,PTR,10.75,15.5
S1964_0903,S1964,PTR,7,7.5
S1964_0904,S1964,PTR,2,4.25
S1964_0906,S1964,PTR,8,6
S1964_0907,S1964,POBA,14.75,13.25
S1964_0908,S1964,PTR,4,8
S1964_0910,S1964,PTR,13,9.25
S1964_0911,S1964,PTR,11.5,13
S1964_0913,S1964,PTR,4,9.75
S1964_0920,S1964,SALIX,0.75,12.25
S1964_0926,S1964,PTR,12.5,9.5
S1964_0928,S1964,PTR,13.5,9
S1964_0931,S1964,PTR,4,6.5
S1964_0936,S1964,PTR,12.5,13.5
S1964_0938,S1964,PTR,4.5,12.5
S1964_0939,S1964,POBA,4.5,14.25
S1964_0940,S1964,PTR,13.5,14.5
S1964_0942,S1964,ALN,15.5,16.75
S1964_0943,S1964,POBA,1.25,19.75
S1964_0944,S1964,POBA,5.5,19.75
S1964_0945,S1964,PTR,12.25,10.75
S1964_0947,S1964,POBA,14.25,17
S1964_0948a,S1964,POBA,8.25,15.5
S1964_0948b,S1964,POBA,4.75,14.75
S1964_0949,S1964,POBA,12.5,17.5
S1964_0950,S1964,ALN,19,1.25
S1964_0951,S1964,PTR,4.25,0.25
S1964_0952a,S1964,POBA,19,2.5
S1964_0952b,S1964,PTR,5.5,13.75
S1964_0953,S1964,ALN,19,3
S1964_0954a,S1964,SALIX,17.5,1.25
S1964_0954b,S1964,PTR,1.25,5
S1964_0955,S1964,SALIX,17.5,1.25
S1964_0956,S1964,PTR,17,0
S1964_0958,S1964,PTR,16,3
S1964_0959,S1964,ALN,18.5,2.5
S1964_0960,S1964,ALN,18.5,4
S1964_0961a,S1964,ALN,17.5,3
S1964_0961b,S1964,POBA,11.5,14.5
S1964_0962a,S1964,ALN,14.5,0.75
S1964_0962b,S1964,PTR,12.5,9.5
S1964_0963a,S1964,PTR,16.5,3.25
S1964_0963b,S1964,PTR,4.5,12.5
S1964_0964,S1964,ALN,18.5,4
S1964_0965,S1964,PTR,15.75,4.5
S1964_0966,S1964,PTR,15.25,4.75
S1964_0967a,S1964,PTR,15.05,4.5
S1964_0967b,S1964,PTR,11.5,13.5
S1964_0968a,S1964,PTR,11.25,12.5
S1964_0968b,S1964,PTR,15.5,4.5
S1964_0969,S1964,SALIX,19.25,4
S1964_0970,S1964,SALIX,19.25,4.5
S1964_0972,S1964,ALN,2.5,3.5
S1964_0973,S1964,SALIX,19.25,5
S1964_0974,S1964,POBA,18.5,15.3
S1964_0976,S1964,PTR,14.25,6
S1964_0978,S1964,PTR,18.5,9.5
S1964_0979,S1964,PTR,18.75,9.75
S1964_0987,S1964,PTR,1.75,12.75
S1964_0989,S1964,PTR,3.75,12.75
S1964_0990,S1964,PTR,6,9
S1964_0993,S1964,PTR,4,6.5
S1964_0997,S1964,PTR,8.5,6
S1964_0998,S1964,PTR,12.75,9.5
S1964_1901,S1964,PTR,0.25,13.5
S1964_1902,S1964,PTR,6.25,5
S1964_1903,S1964,ALN,7.75,4
S1964_1904,S1964,ALN,9,6
S1964_1905,S1964,ALN,9,6
S1964_1906,S1964,PTR,13.5,13.25
S1964_1907,S1964,PTR,NA,20
S1964_1908,S1964,PTR,14.5,15.25
S1964_1909,S1964,PTR,18,8.5
S1964_1910,S1964,PTR,18.75,0
S1964_1912,S1964,PTR,15.75,3
S1964_1913,S1964,ALN,16,4.75
S1964_1914,S1964,PTR,12.75,6.5
S1964_2879,S1964,ALN,2.5,1
S1964_2880,S1964,PTR,14,3
S1964_2881,S1964,ALN,11,15
S1964_2882,S1964,ALN,14,16
S1964_2883,S1964,PTR,14,13
S1964_2884,S1964,ALN,14,13
S1964_2885,S1964,PTR,15,13
S1964_2886,S1964,PTR,13,13
S1964_2887,S1964,PTR,18,3
S1964_2888,S1964,ALN,18,4
S1964_2889,S1964,PTR,18,15
S1964_2890,S1964,ALN,19,19
S1964_2891,S1964,ALN,19,19
S1964_5919,S1964,PTR,5,2
S1964_5927,S1964,PTR,5,6.5
S1964_5928,S1964,ALN,17.5,3
S1964_5930,S1964,PTR,2.25,13.25
